--
-- PostgreSQL database dump
--

-- Dumped from database version 12.22 (Ubuntu 12.22-0ubuntu0.20.04.1)
-- Dumped by pg_dump version 12.22 (Ubuntu 12.22-0ubuntu0.20.04.1)

SET statement_timeout = 0;
SET lock_timeout = 0;
SET idle_in_transaction_session_timeout = 0;
SET client_encoding = 'UTF8';
SET standard_conforming_strings = on;
SELECT pg_catalog.set_config('search_path', '', false);
SET check_function_bodies = false;
SET xmloption = content;
SET client_min_messages = warning;
SET row_security = off;

--
-- Name: userrole; Type: TYPE; Schema: public; Owner: eyen
--

CREATE TYPE public.userrole AS ENUM (
    'ADMIN',
    'USER',
    'GUEST',
    'SERVICE_PROVIDER'
);


ALTER TYPE public.userrole OWNER TO eyen;

SET default_tablespace = '';

SET default_table_access_method = heap;

--
-- Name: admin_table; Type: TABLE; Schema: public; Owner: eyen
--

CREATE TABLE public.admin_table (
    id integer NOT NULL,
    username character varying(250),
    first_name character varying(250),
    last_name character varying(250),
    password character varying(350),
    email character varying(120),
    user_role character varying(15) NOT NULL
);


ALTER TABLE public.admin_table OWNER TO eyen;

--
-- Name: admin_table_id_seq; Type: SEQUENCE; Schema: public; Owner: eyen
--

CREATE SEQUENCE public.admin_table_id_seq
    AS integer
    START WITH 1
    INCREMENT BY 1
    NO MINVALUE
    NO MAXVALUE
    CACHE 1;


ALTER TABLE public.admin_table_id_seq OWNER TO eyen;

--
-- Name: admin_table_id_seq; Type: SEQUENCE OWNED BY; Schema: public; Owner: eyen
--

ALTER SEQUENCE public.admin_table_id_seq OWNED BY public.admin_table.id;


--
-- Name: auth_group; Type: TABLE; Schema: public; Owner: eyen
--

CREATE TABLE public.auth_group (
    id integer NOT NULL,
    name character varying(150) NOT NULL
);


ALTER TABLE public.auth_group OWNER TO eyen;

--
-- Name: auth_group_id_seq; Type: SEQUENCE; Schema: public; Owner: eyen
--

ALTER TABLE public.auth_group ALTER COLUMN id ADD GENERATED BY DEFAULT AS IDENTITY (
    SEQUENCE NAME public.auth_group_id_seq
    START WITH 1
    INCREMENT BY 1
    NO MINVALUE
    NO MAXVALUE
    CACHE 1
);


--
-- Name: auth_group_permissions; Type: TABLE; Schema: public; Owner: eyen
--

CREATE TABLE public.auth_group_permissions (
    id bigint NOT NULL,
    group_id integer NOT NULL,
    permission_id integer NOT NULL
);


ALTER TABLE public.auth_group_permissions OWNER TO eyen;

--
-- Name: auth_group_permissions_id_seq; Type: SEQUENCE; Schema: public; Owner: eyen
--

ALTER TABLE public.auth_group_permissions ALTER COLUMN id ADD GENERATED BY DEFAULT AS IDENTITY (
    SEQUENCE NAME public.auth_group_permissions_id_seq
    START WITH 1
    INCREMENT BY 1
    NO MINVALUE
    NO MAXVALUE
    CACHE 1
);


--
-- Name: auth_permission; Type: TABLE; Schema: public; Owner: eyen
--

CREATE TABLE public.auth_permission (
    id integer NOT NULL,
    name character varying(255) NOT NULL,
    content_type_id integer NOT NULL,
    codename character varying(100) NOT NULL
);


ALTER TABLE public.auth_permission OWNER TO eyen;

--
-- Name: auth_permission_id_seq; Type: SEQUENCE; Schema: public; Owner: eyen
--

ALTER TABLE public.auth_permission ALTER COLUMN id ADD GENERATED BY DEFAULT AS IDENTITY (
    SEQUENCE NAME public.auth_permission_id_seq
    START WITH 1
    INCREMENT BY 1
    NO MINVALUE
    NO MAXVALUE
    CACHE 1
);


--
-- Name: business_business_owner; Type: TABLE; Schema: public; Owner: eyen
--

CREATE TABLE public.business_business_owner (
    id bigint NOT NULL,
    service character varying(200) NOT NULL,
    business_name character varying(500) NOT NULL,
    user_id bigint NOT NULL
);


ALTER TABLE public.business_business_owner OWNER TO eyen;

--
-- Name: business_business_owner_id_seq; Type: SEQUENCE; Schema: public; Owner: eyen
--

ALTER TABLE public.business_business_owner ALTER COLUMN id ADD GENERATED BY DEFAULT AS IDENTITY (
    SEQUENCE NAME public.business_business_owner_id_seq
    START WITH 1
    INCREMENT BY 1
    NO MINVALUE
    NO MAXVALUE
    CACHE 1
);


--
-- Name: campaign; Type: TABLE; Schema: public; Owner: eyen
--

CREATE TABLE public.campaign (
    id integer NOT NULL,
    contribution_id integer,
    email character varying(100)
);


ALTER TABLE public.campaign OWNER TO eyen;

--
-- Name: customer_otp; Type: TABLE; Schema: public; Owner: eyen
--

CREATE TABLE public.customer_otp (
    id integer NOT NULL,
    otp character varying(70),
    otp_expiration timestamp without time zone,
    customer_id integer
);


ALTER TABLE public.customer_otp OWNER TO eyen;

--
-- Name: customer_otp_id_seq; Type: SEQUENCE; Schema: public; Owner: eyen
--

CREATE SEQUENCE public.customer_otp_id_seq
    AS integer
    START WITH 1
    INCREMENT BY 1
    NO MINVALUE
    NO MAXVALUE
    CACHE 1;


ALTER TABLE public.customer_otp_id_seq OWNER TO eyen;

--
-- Name: customer_otp_id_seq; Type: SEQUENCE OWNED BY; Schema: public; Owner: eyen
--

ALTER SEQUENCE public.customer_otp_id_seq OWNED BY public.customer_otp.id;


--
-- Name: customers; Type: TABLE; Schema: public; Owner: eyen
--

CREATE TABLE public.customers (
    id integer NOT NULL,
    username character varying(250),
    first_name character varying(250),
    last_name character varying(250),
    password character varying(350),
    email character varying(120),
    phone_number character varying(120),
    address character varying(500),
    date_of_birth date,
    user_role character varying(15),
    country character varying(120),
    is_admin boolean NOT NULL,
    is_superuser boolean NOT NULL,
    is_customer boolean NOT NULL,
    is_driver boolean NOT NULL,
    is_service_provider boolean NOT NULL,
    created_on timestamp without time zone NOT NULL
);


ALTER TABLE public.customers OWNER TO eyen;

--
-- Name: customers_id_seq; Type: SEQUENCE; Schema: public; Owner: eyen
--

CREATE SEQUENCE public.customers_id_seq
    AS integer
    START WITH 1
    INCREMENT BY 1
    NO MINVALUE
    NO MAXVALUE
    CACHE 1;


ALTER TABLE public.customers_id_seq OWNER TO eyen;

--
-- Name: customers_id_seq; Type: SEQUENCE OWNED BY; Schema: public; Owner: eyen
--

ALTER SEQUENCE public.customers_id_seq OWNED BY public.customers.id;


--
-- Name: customers_otp; Type: TABLE; Schema: public; Owner: eyen
--

CREATE TABLE public.customers_otp (
    id integer NOT NULL,
    otp character varying(70),
    otp_expiration timestamp without time zone,
    customer_id integer
);


ALTER TABLE public.customers_otp OWNER TO eyen;

--
-- Name: customers_otp_id_seq; Type: SEQUENCE; Schema: public; Owner: eyen
--

CREATE SEQUENCE public.customers_otp_id_seq
    AS integer
    START WITH 1
    INCREMENT BY 1
    NO MINVALUE
    NO MAXVALUE
    CACHE 1;


ALTER TABLE public.customers_otp_id_seq OWNER TO eyen;

--
-- Name: customers_otp_id_seq; Type: SEQUENCE OWNED BY; Schema: public; Owner: eyen
--

ALTER SEQUENCE public.customers_otp_id_seq OWNED BY public.customers_otp.id;


--
-- Name: django_admin_log; Type: TABLE; Schema: public; Owner: eyen
--

CREATE TABLE public.django_admin_log (
    id integer NOT NULL,
    action_time timestamp with time zone NOT NULL,
    object_id text,
    object_repr character varying(200) NOT NULL,
    action_flag smallint NOT NULL,
    change_message text NOT NULL,
    content_type_id integer,
    user_id bigint NOT NULL,
    CONSTRAINT django_admin_log_action_flag_check CHECK ((action_flag >= 0))
);


ALTER TABLE public.django_admin_log OWNER TO eyen;

--
-- Name: django_admin_log_id_seq; Type: SEQUENCE; Schema: public; Owner: eyen
--

ALTER TABLE public.django_admin_log ALTER COLUMN id ADD GENERATED BY DEFAULT AS IDENTITY (
    SEQUENCE NAME public.django_admin_log_id_seq
    START WITH 1
    INCREMENT BY 1
    NO MINVALUE
    NO MAXVALUE
    CACHE 1
);


--
-- Name: django_content_type; Type: TABLE; Schema: public; Owner: eyen
--

CREATE TABLE public.django_content_type (
    id integer NOT NULL,
    app_label character varying(100) NOT NULL,
    model character varying(100) NOT NULL
);


ALTER TABLE public.django_content_type OWNER TO eyen;

--
-- Name: django_content_type_id_seq; Type: SEQUENCE; Schema: public; Owner: eyen
--

ALTER TABLE public.django_content_type ALTER COLUMN id ADD GENERATED BY DEFAULT AS IDENTITY (
    SEQUENCE NAME public.django_content_type_id_seq
    START WITH 1
    INCREMENT BY 1
    NO MINVALUE
    NO MAXVALUE
    CACHE 1
);


--
-- Name: django_migrations; Type: TABLE; Schema: public; Owner: eyen
--

CREATE TABLE public.django_migrations (
    id bigint NOT NULL,
    app character varying(255) NOT NULL,
    name character varying(255) NOT NULL,
    applied timestamp with time zone NOT NULL
);


ALTER TABLE public.django_migrations OWNER TO eyen;

--
-- Name: django_migrations_id_seq; Type: SEQUENCE; Schema: public; Owner: eyen
--

ALTER TABLE public.django_migrations ALTER COLUMN id ADD GENERATED BY DEFAULT AS IDENTITY (
    SEQUENCE NAME public.django_migrations_id_seq
    START WITH 1
    INCREMENT BY 1
    NO MINVALUE
    NO MAXVALUE
    CACHE 1
);


--
-- Name: django_session; Type: TABLE; Schema: public; Owner: eyen
--

CREATE TABLE public.django_session (
    session_key character varying(40) NOT NULL,
    session_data text NOT NULL,
    expire_date timestamp with time zone NOT NULL
);


ALTER TABLE public.django_session OWNER TO eyen;

--
-- Name: ecolite_admin_table; Type: TABLE; Schema: public; Owner: eyen
--

CREATE TABLE public.ecolite_admin_table (
    id integer NOT NULL,
    username character varying(250),
    first_name character varying(250),
    last_name character varying(250),
    password character varying(350),
    email character varying(120),
    user_role character varying(15) NOT NULL,
    is_admin boolean NOT NULL,
    is_superuser boolean NOT NULL,
    is_customer boolean NOT NULL,
    is_driver boolean NOT NULL,
    is_service_provider boolean NOT NULL,
    created_on timestamp without time zone DEFAULT CURRENT_TIMESTAMP,
    address character varying(255),
    phone_number character varying(15)
);


ALTER TABLE public.ecolite_admin_table OWNER TO eyen;

--
-- Name: ecolite_admin_table_id_seq; Type: SEQUENCE; Schema: public; Owner: eyen
--

CREATE SEQUENCE public.ecolite_admin_table_id_seq
    AS integer
    START WITH 1
    INCREMENT BY 1
    NO MINVALUE
    NO MAXVALUE
    CACHE 1;


ALTER TABLE public.ecolite_admin_table_id_seq OWNER TO eyen;

--
-- Name: ecolite_admin_table_id_seq; Type: SEQUENCE OWNED BY; Schema: public; Owner: eyen
--

ALTER SEQUENCE public.ecolite_admin_table_id_seq OWNED BY public.ecolite_admin_table.id;


--
-- Name: logistics_logistics_partner; Type: TABLE; Schema: public; Owner: eyen
--

CREATE TABLE public.logistics_logistics_partner (
    id bigint NOT NULL,
    user_id bigint NOT NULL,
    lat character varying(55),
    lng character varying(55)
);


ALTER TABLE public.logistics_logistics_partner OWNER TO eyen;

--
-- Name: logistics_logistics_partner_id_seq; Type: SEQUENCE; Schema: public; Owner: eyen
--

ALTER TABLE public.logistics_logistics_partner ALTER COLUMN id ADD GENERATED BY DEFAULT AS IDENTITY (
    SEQUENCE NAME public.logistics_logistics_partner_id_seq
    START WITH 1
    INCREMENT BY 1
    NO MINVALUE
    NO MAXVALUE
    CACHE 1
);


--
-- Name: otp; Type: TABLE; Schema: public; Owner: eyen
--

CREATE TABLE public.otp (
    id integer NOT NULL,
    otp character varying(8),
    otp_expiration timestamp without time zone,
    admin_id integer
);


ALTER TABLE public.otp OWNER TO eyen;

--
-- Name: otp_id_seq; Type: SEQUENCE; Schema: public; Owner: eyen
--

CREATE SEQUENCE public.otp_id_seq
    AS integer
    START WITH 1
    INCREMENT BY 1
    NO MINVALUE
    NO MAXVALUE
    CACHE 1;


ALTER TABLE public.otp_id_seq OWNER TO eyen;

--
-- Name: otp_id_seq; Type: SEQUENCE OWNED BY; Schema: public; Owner: eyen
--

ALTER SEQUENCE public.otp_id_seq OWNED BY public.otp.id;


--
-- Name: otp_table; Type: TABLE; Schema: public; Owner: eyen
--

CREATE TABLE public.otp_table (
    id integer NOT NULL,
    otp character varying(70),
    otp_expiration timestamp without time zone,
    admin_id integer
);


ALTER TABLE public.otp_table OWNER TO eyen;

--
-- Name: otp_table_id_seq; Type: SEQUENCE; Schema: public; Owner: eyen
--

CREATE SEQUENCE public.otp_table_id_seq
    AS integer
    START WITH 1
    INCREMENT BY 1
    NO MINVALUE
    NO MAXVALUE
    CACHE 1;


ALTER TABLE public.otp_table_id_seq OWNER TO eyen;

--
-- Name: otp_table_id_seq; Type: SEQUENCE OWNED BY; Schema: public; Owner: eyen
--

ALTER SEQUENCE public.otp_table_id_seq OWNED BY public.otp_table.id;


--
-- Name: rewards; Type: TABLE; Schema: public; Owner: eyen
--

CREATE TABLE public.rewards (
    id integer NOT NULL,
    total_points double precision NOT NULL,
    claimed_rewards integer NOT NULL,
    customer_id integer
);


ALTER TABLE public.rewards OWNER TO eyen;

--
-- Name: rewards_id_seq; Type: SEQUENCE; Schema: public; Owner: eyen
--

CREATE SEQUENCE public.rewards_id_seq
    AS integer
    START WITH 1
    INCREMENT BY 1
    NO MINVALUE
    NO MAXVALUE
    CACHE 1;


ALTER TABLE public.rewards_id_seq OWNER TO eyen;

--
-- Name: rewards_id_seq; Type: SEQUENCE OWNED BY; Schema: public; Owner: eyen
--

ALTER SEQUENCE public.rewards_id_seq OWNED BY public.rewards.id;


--
-- Name: token_blacklist_blacklistedtoken; Type: TABLE; Schema: public; Owner: eyen
--

CREATE TABLE public.token_blacklist_blacklistedtoken (
    id bigint NOT NULL,
    blacklisted_at timestamp with time zone NOT NULL,
    token_id bigint NOT NULL
);


ALTER TABLE public.token_blacklist_blacklistedtoken OWNER TO eyen;

--
-- Name: token_blacklist_blacklistedtoken_id_seq; Type: SEQUENCE; Schema: public; Owner: eyen
--

ALTER TABLE public.token_blacklist_blacklistedtoken ALTER COLUMN id ADD GENERATED BY DEFAULT AS IDENTITY (
    SEQUENCE NAME public.token_blacklist_blacklistedtoken_id_seq
    START WITH 1
    INCREMENT BY 1
    NO MINVALUE
    NO MAXVALUE
    CACHE 1
);


--
-- Name: token_blacklist_outstandingtoken; Type: TABLE; Schema: public; Owner: eyen
--

CREATE TABLE public.token_blacklist_outstandingtoken (
    id bigint NOT NULL,
    token text NOT NULL,
    created_at timestamp with time zone,
    expires_at timestamp with time zone NOT NULL,
    user_id bigint,
    jti character varying(255) NOT NULL
);


ALTER TABLE public.token_blacklist_outstandingtoken OWNER TO eyen;

--
-- Name: token_blacklist_outstandingtoken_id_seq; Type: SEQUENCE; Schema: public; Owner: eyen
--

ALTER TABLE public.token_blacklist_outstandingtoken ALTER COLUMN id ADD GENERATED BY DEFAULT AS IDENTITY (
    SEQUENCE NAME public.token_blacklist_outstandingtoken_id_seq
    START WITH 1
    INCREMENT BY 1
    NO MINVALUE
    NO MAXVALUE
    CACHE 1
);


--
-- Name: tracking_information_tracking_info; Type: TABLE; Schema: public; Owner: eyen
--

CREATE TABLE public.tracking_information_tracking_info (
    id bigint NOT NULL,
    parcel_number character varying(15) NOT NULL,
    date_of_purchase date NOT NULL,
    delivery_date date NOT NULL,
    shipping_address character varying(255) NOT NULL,
    latitude character varying(255),
    longitude character varying(255),
    destination_lat character varying(255) NOT NULL,
    destination_lng character varying(255) NOT NULL,
    rider_email character varying(255),
    realtime_location character varying(255),
    country character varying(255) NOT NULL,
    product_name character varying(255) NOT NULL,
    quantity integer NOT NULL,
    vendor character varying(255) NOT NULL,
    status character varying(15),
    owner_id bigint NOT NULL,
    rider_id bigint,
    customer_email character varying(255),
    time_of_purchase character varying NOT NULL
);


ALTER TABLE public.tracking_information_tracking_info OWNER TO eyen;

--
-- Name: tracking_information_tracking_info_id_seq; Type: SEQUENCE; Schema: public; Owner: eyen
--

ALTER TABLE public.tracking_information_tracking_info ALTER COLUMN id ADD GENERATED BY DEFAULT AS IDENTITY (
    SEQUENCE NAME public.tracking_information_tracking_info_id_seq
    START WITH 1
    INCREMENT BY 1
    NO MINVALUE
    NO MAXVALUE
    CACHE 1
);


--
-- Name: user_id_seq; Type: SEQUENCE; Schema: public; Owner: eyen
--

CREATE SEQUENCE public.user_id_seq
    START WITH 1
    INCREMENT BY 1
    NO MINVALUE
    NO MAXVALUE
    CACHE 1;


ALTER TABLE public.user_id_seq OWNER TO eyen;

--
-- Name: user_otp; Type: TABLE; Schema: public; Owner: eyen
--

CREATE TABLE public.user_otp (
    id bigint NOT NULL,
    owner_id bigint NOT NULL,
    hashed_otp character varying(128),
    otp_expiration timestamp with time zone
);


ALTER TABLE public.user_otp OWNER TO eyen;

--
-- Name: user_otp_id_seq; Type: SEQUENCE; Schema: public; Owner: eyen
--

ALTER TABLE public.user_otp ALTER COLUMN id ADD GENERATED BY DEFAULT AS IDENTITY (
    SEQUENCE NAME public.user_otp_id_seq
    START WITH 1
    INCREMENT BY 1
    NO MINVALUE
    NO MAXVALUE
    CACHE 1
);


--
-- Name: user_user; Type: TABLE; Schema: public; Owner: eyen
--

CREATE TABLE public.user_user (
    id bigint NOT NULL,
    password character varying(128) NOT NULL,
    last_login timestamp with time zone,
    name character varying(500) NOT NULL,
    email character varying(255) NOT NULL,
    phone_number character varying(20) NOT NULL,
    address character varying(500) NOT NULL,
    account_type character varying(15) NOT NULL,
    avatar character varying(100),
    is_admin boolean NOT NULL,
    is_staff boolean NOT NULL,
    is_superuser boolean NOT NULL,
    date_joined timestamp with time zone NOT NULL,
    is_verified boolean NOT NULL,
    updated_on timestamp with time zone
);


ALTER TABLE public.user_user OWNER TO eyen;

--
-- Name: user_user_groups; Type: TABLE; Schema: public; Owner: eyen
--

CREATE TABLE public.user_user_groups (
    id bigint NOT NULL,
    user_id bigint NOT NULL,
    group_id integer NOT NULL
);


ALTER TABLE public.user_user_groups OWNER TO eyen;

--
-- Name: user_user_groups_id_seq; Type: SEQUENCE; Schema: public; Owner: eyen
--

ALTER TABLE public.user_user_groups ALTER COLUMN id ADD GENERATED BY DEFAULT AS IDENTITY (
    SEQUENCE NAME public.user_user_groups_id_seq
    START WITH 1
    INCREMENT BY 1
    NO MINVALUE
    NO MAXVALUE
    CACHE 1
);


--
-- Name: user_user_id_seq; Type: SEQUENCE; Schema: public; Owner: eyen
--

ALTER TABLE public.user_user ALTER COLUMN id ADD GENERATED BY DEFAULT AS IDENTITY (
    SEQUENCE NAME public.user_user_id_seq
    START WITH 1
    INCREMENT BY 1
    NO MINVALUE
    NO MAXVALUE
    CACHE 1
);


--
-- Name: user_user_user_permissions; Type: TABLE; Schema: public; Owner: eyen
--

CREATE TABLE public.user_user_user_permissions (
    id bigint NOT NULL,
    user_id bigint NOT NULL,
    permission_id integer NOT NULL
);


ALTER TABLE public.user_user_user_permissions OWNER TO eyen;

--
-- Name: user_user_user_permissions_id_seq; Type: SEQUENCE; Schema: public; Owner: eyen
--

ALTER TABLE public.user_user_user_permissions ALTER COLUMN id ADD GENERATED BY DEFAULT AS IDENTITY (
    SEQUENCE NAME public.user_user_user_permissions_id_seq
    START WITH 1
    INCREMENT BY 1
    NO MINVALUE
    NO MAXVALUE
    CACHE 1
);


--
-- Name: users; Type: TABLE; Schema: public; Owner: eyen
--

CREATE TABLE public.users (
    id integer NOT NULL,
    username character varying(250),
    first_name character varying(250),
    last_name character varying(250),
    password character varying(350),
    email character varying(120)
);


ALTER TABLE public.users OWNER TO eyen;

--
-- Name: users_id_seq; Type: SEQUENCE; Schema: public; Owner: eyen
--

CREATE SEQUENCE public.users_id_seq
    AS integer
    START WITH 1
    INCREMENT BY 1
    NO MINVALUE
    NO MAXVALUE
    CACHE 1;


ALTER TABLE public.users_id_seq OWNER TO eyen;

--
-- Name: users_id_seq; Type: SEQUENCE OWNED BY; Schema: public; Owner: eyen
--

ALTER SEQUENCE public.users_id_seq OWNED BY public.users.id;


--
-- Name: users_table; Type: TABLE; Schema: public; Owner: eyen
--

CREATE TABLE public.users_table (
    id integer NOT NULL,
    username character varying(250),
    first_name character varying(250),
    last_name character varying(250),
    password character varying(350),
    email character varying(120),
    user_role character varying(15) NOT NULL
);


ALTER TABLE public.users_table OWNER TO eyen;

--
-- Name: users_table_id_seq; Type: SEQUENCE; Schema: public; Owner: eyen
--

CREATE SEQUENCE public.users_table_id_seq
    AS integer
    START WITH 1
    INCREMENT BY 1
    NO MINVALUE
    NO MAXVALUE
    CACHE 1;


ALTER TABLE public.users_table_id_seq OWNER TO eyen;

--
-- Name: users_table_id_seq; Type: SEQUENCE OWNED BY; Schema: public; Owner: eyen
--

ALTER SEQUENCE public.users_table_id_seq OWNED BY public.users_table.id;


--
-- Name: admin_table id; Type: DEFAULT; Schema: public; Owner: eyen
--

ALTER TABLE ONLY public.admin_table ALTER COLUMN id SET DEFAULT nextval('public.admin_table_id_seq'::regclass);


--
-- Name: customer_otp id; Type: DEFAULT; Schema: public; Owner: eyen
--

ALTER TABLE ONLY public.customer_otp ALTER COLUMN id SET DEFAULT nextval('public.customer_otp_id_seq'::regclass);


--
-- Name: customers id; Type: DEFAULT; Schema: public; Owner: eyen
--

ALTER TABLE ONLY public.customers ALTER COLUMN id SET DEFAULT nextval('public.customers_id_seq'::regclass);


--
-- Name: customers_otp id; Type: DEFAULT; Schema: public; Owner: eyen
--

ALTER TABLE ONLY public.customers_otp ALTER COLUMN id SET DEFAULT nextval('public.customers_otp_id_seq'::regclass);


--
-- Name: ecolite_admin_table id; Type: DEFAULT; Schema: public; Owner: eyen
--

ALTER TABLE ONLY public.ecolite_admin_table ALTER COLUMN id SET DEFAULT nextval('public.ecolite_admin_table_id_seq'::regclass);


--
-- Name: otp id; Type: DEFAULT; Schema: public; Owner: eyen
--

ALTER TABLE ONLY public.otp ALTER COLUMN id SET DEFAULT nextval('public.otp_id_seq'::regclass);


--
-- Name: otp_table id; Type: DEFAULT; Schema: public; Owner: eyen
--

ALTER TABLE ONLY public.otp_table ALTER COLUMN id SET DEFAULT nextval('public.otp_table_id_seq'::regclass);


--
-- Name: rewards id; Type: DEFAULT; Schema: public; Owner: eyen
--

ALTER TABLE ONLY public.rewards ALTER COLUMN id SET DEFAULT nextval('public.rewards_id_seq'::regclass);


--
-- Name: users id; Type: DEFAULT; Schema: public; Owner: eyen
--

ALTER TABLE ONLY public.users ALTER COLUMN id SET DEFAULT nextval('public.users_id_seq'::regclass);


--
-- Name: users_table id; Type: DEFAULT; Schema: public; Owner: eyen
--

ALTER TABLE ONLY public.users_table ALTER COLUMN id SET DEFAULT nextval('public.users_table_id_seq'::regclass);


--
-- Data for Name: admin_table; Type: TABLE DATA; Schema: public; Owner: eyen
--

COPY public.admin_table (id, username, first_name, last_name, password, email, user_role) FROM stdin;
1	testuser	test	user	$2b$12$/2AHo9cTqc95psxkpcC.P.eDS96nR6Y8WRzorOjrkmVj6ORERu/om	testuser@gmail.com	admin
\.


--
-- Data for Name: auth_group; Type: TABLE DATA; Schema: public; Owner: eyen
--

COPY public.auth_group (id, name) FROM stdin;
\.


--
-- Data for Name: auth_group_permissions; Type: TABLE DATA; Schema: public; Owner: eyen
--

COPY public.auth_group_permissions (id, group_id, permission_id) FROM stdin;
\.


--
-- Data for Name: auth_permission; Type: TABLE DATA; Schema: public; Owner: eyen
--

COPY public.auth_permission (id, name, content_type_id, codename) FROM stdin;
1	Can add log entry	1	add_logentry
2	Can change log entry	1	change_logentry
3	Can delete log entry	1	delete_logentry
4	Can view log entry	1	view_logentry
5	Can add permission	2	add_permission
6	Can change permission	2	change_permission
7	Can delete permission	2	delete_permission
8	Can view permission	2	view_permission
9	Can add group	3	add_group
10	Can change group	3	change_group
11	Can delete group	3	delete_group
12	Can view group	3	view_group
13	Can add content type	4	add_contenttype
14	Can change content type	4	change_contenttype
15	Can delete content type	4	delete_contenttype
16	Can view content type	4	view_contenttype
17	Can add session	5	add_session
18	Can change session	5	change_session
19	Can delete session	5	delete_session
20	Can view session	5	view_session
21	Can add user	6	add_user
22	Can change user	6	change_user
23	Can delete user	6	delete_user
24	Can view user	6	view_user
25	Can add business_owner	7	add_business_owner
26	Can change business_owner	7	change_business_owner
27	Can delete business_owner	7	delete_business_owner
28	Can view business_owner	7	view_business_owner
29	Can add logistics_partner	8	add_logistics_partner
30	Can change logistics_partner	8	change_logistics_partner
31	Can delete logistics_partner	8	delete_logistics_partner
32	Can view logistics_partner	8	view_logistics_partner
33	Can add tracking_info	9	add_tracking_info
34	Can change tracking_info	9	change_tracking_info
35	Can delete tracking_info	9	delete_tracking_info
36	Can view tracking_info	9	view_tracking_info
37	Can add otp	10	add_otp
38	Can change otp	10	change_otp
39	Can delete otp	10	delete_otp
40	Can view otp	10	view_otp
41	Can add blacklisted token	11	add_blacklistedtoken
42	Can change blacklisted token	11	change_blacklistedtoken
43	Can delete blacklisted token	11	delete_blacklistedtoken
44	Can view blacklisted token	11	view_blacklistedtoken
45	Can add outstanding token	12	add_outstandingtoken
46	Can change outstanding token	12	change_outstandingtoken
47	Can delete outstanding token	12	delete_outstandingtoken
48	Can view outstanding token	12	view_outstandingtoken
\.


--
-- Data for Name: business_business_owner; Type: TABLE DATA; Schema: public; Owner: eyen
--

COPY public.business_business_owner (id, service, business_name, user_id) FROM stdin;
2	parcel delivery	Shoe delivery plc	2
3	parcel delivery	Shoe delivery plc1	4
4	parcel delivery	Shoe delivery plc2	6
5	parcel delivery	Shoe delivery plcc	7
6	parcel delivery	shoe-delivery plcc	8
7	parcel delivery	plug-delivery plcc	9
8	parcel delivery	plug--delivery plcc	10
14	parcel delivery	plug-1-elivery plcc	16
15	parcel delivery	plug-1-1elivery plcc	17
16	parcel delivery	plug-11elivery plcc	18
17	parcel delivery	plugery plcc	19
19	parcel delivery	plugeryplcc	21
33	parcel delivery	plugerplcc	35
70	laptop101	lp1gfh112dd221126111	72
71	string	string	73
72	phone	ab solu	74
73	phone	ab solutions	75
74	parcel delivery	johnny logistics	76
75	parcel delivery	johnny_logistics	77
76	parcel delivery	johnny_llogistics	78
36	parcel delivery	dan logistics	38
37	laptop101	lappy101	39
39	laptop101	lappy1011	41
42	laptop101	lappy10117	44
43	laptop101	lappy101173	45
44	laptop101	lappy1011731	46
45	laptop101	lappy101173hjd	47
46	laptop101	lappy10117hjd	48
47	laptop101	lappy17hjd	49
48	laptop101	lapp	50
49	laptop101	lappp	51
51	laptop101	lapppp	53
52	laptop101	lapppp11	54
53	laptop101	lapppp11gfh	55
54	laptop101	lappp11gfh	56
55	laptop101	lpp11gfh	57
56	laptop101	lpp11gfh11	58
57	laptop101	lpp11gfh1122	59
58	laptop101	lpp11gfh112211	60
59	laptop101	lpp11gfh1122112	61
60	laptop101	lpp11gfh11221122	62
61	laptop101	lpp11gfh112211221	63
62	laptop101	lpp11gfh11221122111	64
65	laptop101	lp1gfh11221122111	67
67	laptop101	lp1gfh112221126111	69
\.


--
-- Data for Name: campaign; Type: TABLE DATA; Schema: public; Owner: eyen
--

COPY public.campaign (id, contribution_id, email) FROM stdin;
1	101	john.doe@example.com
2	894	pisitoffice@villamarket.com
3	893	francisalvarad@yahoo.com
4	892	louis.desegonzac@hotmail.com
5	4486	jensen.blake.d@gmail.com
6	4503	mmchia@hotmail.com
7	895	jmjacob2016@protonmail.com
8	864	patrick@vanderwardt.nl
9	897	gazmo12655@gmail.com
10	896	joselopezreis@gmail.com
11	388	h.alkhulaifi@gmail.com
12	899	re@hash.ae
13	900	komar17.pk@gmail.com
14	901	krazyquick@gmail.com
\.


--
-- Data for Name: customer_otp; Type: TABLE DATA; Schema: public; Owner: eyen
--

COPY public.customer_otp (id, otp, otp_expiration, customer_id) FROM stdin;
\.


--
-- Data for Name: customers; Type: TABLE DATA; Schema: public; Owner: eyen
--

COPY public.customers (id, username, first_name, last_name, password, email, phone_number, address, date_of_birth, user_role, country, is_admin, is_superuser, is_customer, is_driver, is_service_provider, created_on) FROM stdin;
7	davidoo	dave	uwebs	$2b$12$9skTICYNLD5wXkEdhtwVeuQkqdHo6Jg9KYQ9CJkS4io6TG04WXa8e	9ceking@gmail.com	07037676797	36b authority avenue	\N	customer	\N	f	t	t	f	f	2024-11-13 17:14:19.092436
10	davidooo	dave	uwebs	$2b$12$E3nshVhkjAsjzTiH4OqWwu8PQCV1epWaaTzaAIQJ6G2K.Xg8yfbem	9cekingg@gmail.com	07037676797	36b authority avenue	\N	customer	\N	f	t	t	f	f	2024-11-13 17:27:25.744585
12	tested1	dave	uwebs	$2b$12$DBrJ35ik/cs6wrTLhqAzlONrfMpNT.qns3VhkGufhJYPgYitqUa6m	9cekingg1@gmail.com	07037676797	36b authority avenue	\N	customer	\N	f	t	t	f	f	2024-11-13 19:07:09.659653
13	tested11	ukebss	ndukwe	$2b$12$5c4nSPxKdCs7dmRN/2GuZOciN.rJ8xjsdMyaxKeX3xDZUwDlSh9Ku	testedukn@gmail.com	07037676797	36b authority avenue	1993-12-12	customer	nigeria	f	t	t	f	f	2024-11-13 19:08:06.229285
\.


--
-- Data for Name: customers_otp; Type: TABLE DATA; Schema: public; Owner: eyen
--

COPY public.customers_otp (id, otp, otp_expiration, customer_id) FROM stdin;
\.


--
-- Data for Name: django_admin_log; Type: TABLE DATA; Schema: public; Owner: eyen
--

COPY public.django_admin_log (id, action_time, object_id, object_repr, action_flag, change_message, content_type_id, user_id) FROM stdin;
\.


--
-- Data for Name: django_content_type; Type: TABLE DATA; Schema: public; Owner: eyen
--

COPY public.django_content_type (id, app_label, model) FROM stdin;
1	admin	logentry
2	auth	permission
3	auth	group
4	contenttypes	contenttype
5	sessions	session
6	user	user
7	business	business_owner
8	logistics	logistics_partner
9	tracking_information	tracking_info
10	user	otp
11	token_blacklist	blacklistedtoken
12	token_blacklist	outstandingtoken
\.


--
-- Data for Name: django_migrations; Type: TABLE DATA; Schema: public; Owner: eyen
--

COPY public.django_migrations (id, app, name, applied) FROM stdin;
1	contenttypes	0001_initial	2024-09-23 11:53:31.644792+00
2	contenttypes	0002_remove_content_type_name	2024-09-23 11:53:31.945627+00
3	auth	0001_initial	2024-09-23 11:53:32.520257+00
4	auth	0002_alter_permission_name_max_length	2024-09-23 11:53:32.535882+00
5	auth	0003_alter_user_email_max_length	2024-09-23 11:53:32.552851+00
6	auth	0004_alter_user_username_opts	2024-09-23 11:53:32.569777+00
7	auth	0005_alter_user_last_login_null	2024-09-23 11:53:32.584344+00
8	auth	0006_require_contenttypes_0002	2024-09-23 11:53:32.59046+00
9	auth	0007_alter_validators_add_error_messages	2024-09-23 11:53:32.602428+00
10	auth	0008_alter_user_username_max_length	2024-09-23 11:53:32.614251+00
11	auth	0009_alter_user_last_name_max_length	2024-09-23 11:53:32.626431+00
12	auth	0010_alter_group_name_max_length	2024-09-23 11:53:32.70417+00
13	auth	0011_update_proxy_permissions	2024-09-23 11:53:32.71512+00
14	auth	0012_alter_user_first_name_max_length	2024-09-23 11:53:32.729257+00
15	user	0001_initial	2024-09-23 11:53:32.990477+00
16	admin	0001_initial	2024-09-23 11:53:33.069419+00
17	admin	0002_logentry_remove_auto_add	2024-09-23 11:53:33.081021+00
18	admin	0003_logentry_add_action_flag_choices	2024-09-23 11:53:33.094187+00
19	business	0001_initial	2024-09-23 11:53:33.133876+00
20	business	0002_alter_business_owner_business_name_and_more	2024-09-23 11:53:33.156008+00
21	logistics	0001_initial	2024-09-23 11:53:33.187148+00
22	logistics	0002_logistics_partner_lat_logistics_partner_lng	2024-09-23 11:53:33.210628+00
23	logistics	0003_alter_logistics_partner_lat_and_more	2024-09-23 11:53:33.240299+00
24	sessions	0001_initial	2024-09-23 11:53:33.281149+00
25	tracking_information	0010_initial	2024-09-23 11:53:33.339781+00
26	tracking_information	0011_alter_tracking_info_owner	2024-09-23 11:53:34.316788+00
27	tracking_information	0012_alter_tracking_info_rider	2024-09-23 11:53:34.548921+00
28	tracking_information	0013_tracking_info_customer_email	2024-09-23 11:53:34.567627+00
29	tracking_information	0014_tracking_info_time_of_purchase_and_more	2024-09-23 11:53:34.725329+00
30	tracking_information	0015_alter_tracking_info_time_of_purchase	2024-09-23 11:53:34.743002+00
31	tracking_information	0016_alter_tracking_info_time_of_purchase	2024-09-23 11:53:34.836621+00
32	tracking_information	0017_alter_tracking_info_time_of_purchase	2024-09-23 11:53:34.858882+00
33	tracking_information	0018_alter_tracking_info_time_of_purchase	2024-09-23 11:53:34.876122+00
34	tracking_information	0019_alter_tracking_info_time_of_purchase	2024-09-23 11:53:34.89419+00
35	tracking_information	0020_alter_tracking_info_product_name_and_more	2024-09-23 11:53:34.929484+00
36	tracking_information	0021_alter_tracking_info_time_of_purchase	2024-09-23 11:53:34.948325+00
37	tracking_information	0022_alter_tracking_info_time_of_purchase	2024-09-23 11:53:34.967295+00
38	tracking_information	0023_alter_tracking_info_time_of_purchase	2024-09-23 11:53:34.985093+00
39	user	0002_test	2024-09-23 11:53:35.026877+00
40	user	0003_delete_test	2024-09-23 11:53:35.04703+00
41	tracking_information	0024_alter_tracking_info_time_of_purchase	2024-09-25 20:49:28.646729+00
42	tracking_information	0025_alter_tracking_info_time_of_purchase	2024-09-26 20:26:47.143008+00
43	tracking_information	0026_alter_tracking_info_time_of_purchase	2024-11-08 11:23:55.396696+00
44	tracking_information	0027_alter_tracking_info_time_of_purchase	2024-11-14 09:55:31.165048+00
45	tracking_information	0028_alter_tracking_info_time_of_purchase	2024-11-18 17:57:19.574043+00
46	tracking_information	0029_alter_tracking_info_time_of_purchase	2024-11-18 17:57:20.035168+00
47	user	0004_otp	2024-11-18 17:57:23.439617+00
48	tracking_information	0030_alter_tracking_info_time_of_purchase	2024-11-18 18:29:53.308044+00
49	user	0005_alter_otp_otp	2024-11-18 18:29:53.32672+00
50	tracking_information	0031_alter_tracking_info_time_of_purchase	2024-11-18 19:04:50.458167+00
51	user	0006_remove_otp_otp_otp_hashed_otp_otp_otp_expiration	2024-11-18 19:04:50.550459+00
52	tracking_information	0032_alter_tracking_info_time_of_purchase	2024-11-19 00:47:45.584659+00
53	tracking_information	0033_alter_tracking_info_time_of_purchase	2024-11-19 18:21:43.124289+00
54	user	0007_rename_logo_user_avatar	2024-11-19 18:21:43.915687+00
55	tracking_information	0034_alter_tracking_info_time_of_purchase	2024-11-19 18:54:48.202384+00
56	tracking_information	0035_alter_tracking_info_time_of_purchase	2024-11-19 21:01:27.734392+00
57	user	0008_user_updated_on	2024-11-19 21:01:27.941709+00
58	tracking_information	0036_alter_tracking_info_time_of_purchase	2024-11-22 19:02:38.064112+00
59	tracking_information	0037_alter_tracking_info_time_of_purchase	2024-11-22 19:02:38.143601+00
60	token_blacklist	0001_initial	2024-11-22 20:16:09.794889+00
61	token_blacklist	0002_outstandingtoken_jti_hex	2024-11-22 20:16:09.81508+00
62	token_blacklist	0003_auto_20171017_2007	2024-11-22 20:16:09.842055+00
63	token_blacklist	0004_auto_20171017_2013	2024-11-22 20:16:09.89271+00
64	token_blacklist	0005_remove_outstandingtoken_jti	2024-11-22 20:16:09.933742+00
65	token_blacklist	0006_auto_20171017_2113	2024-11-22 20:16:09.95686+00
66	token_blacklist	0007_auto_20171017_2214	2024-11-22 20:16:10.162509+00
67	token_blacklist	0008_migrate_to_bigautofield	2024-11-22 20:16:10.274327+00
68	token_blacklist	0010_fix_migrate_to_bigautofield	2024-11-22 20:16:10.341086+00
69	token_blacklist	0011_linearizes_history	2024-11-22 20:16:10.349528+00
70	token_blacklist	0012_alter_outstandingtoken_user	2024-11-22 20:16:10.370187+00
\.


--
-- Data for Name: django_session; Type: TABLE DATA; Schema: public; Owner: eyen
--

COPY public.django_session (session_key, session_data, expire_date) FROM stdin;
tlx93hnfwv0p6q0iwaiat1mt47acz09w	.eJxVjMsOwiAQRf-FtSEDlIcu3fcbyMAMUjU0Ke3K-O_apAvd3nPOfYmI21rj1nmJE4mLUOL0uyXMD247oDu22yzz3NZlSnJX5EG7HGfi5_Vw_w4q9vqtB4OgrIUUCgR04Mlr7zIbysFpGHTyCiyXcOZgClmyBhjZMmpdgJV4fwDE1zeU:1stvGc:HGCUSdcpc4SoQb52Y1IhKYBYftFtKMuYB6oBTnX5lnE	2024-10-10 20:39:14.604965+00
6xurtwlqo0cxkcpc5sdivqfut3e6pknm	.eJxVjEEOwiAQRe_C2hBhgKpL9z0DGWYGqRpISrsy3l2bdKHb_977LxVxXUpcu8xxYnVRRh1-t4T0kLoBvmO9NU2tLvOU9KbonXY9NpbndXf_Dgr28q1JTkAcsnMCFo8BvYRMhN5k6y0HTAyAQZwMRryzZ_ADOEtoISCQUe8PAQ44Gw:1t9NEw:L23iK1sEId1tmM5AOc-SwcJ7CWqlegoKNOT_6dvR3w4	2024-11-22 11:33:22.589951+00
xu4e0eboofs4nc1hdxkywbty1fqbx0fh	.eJxVjEEOwiAQRe_C2hBhgKpL9z0DGWYGqRpISrsy3l2bdKHb_977LxVxXUpcu8xxYnVRRh1-t4T0kLoBvmO9NU2tLvOU9KbonXY9NpbndXf_Dgr28q1JTkAcsnMCFo8BvYRMhN5k6y0HTAyAQZwMRryzZ_ADOEtoISCQUe8PAQ44Gw:1tEYwG:n8ZIedaBQZ3_9Mh9NMDa6CeEW66EaleStIsFm_Ow6vA	2024-12-06 19:03:32.380048+00
k02tbl51lx9ft01blzdy9gy8gzt5pxwc	.eJxVjEEOwiAQRe_C2hBhgKpL9z0DGWYGqRpISrsy3l2bdKHb_977LxVxXUpcu8xxYnVRRh1-t4T0kLoBvmO9NU2tLvOU9KbonXY9NpbndXf_Dgr28q1JTkAcsnMCFo8BvYRMhN5k6y0HTAyAQZwMRryzZ_ADOEtoISCQUe8PAQ44Gw:1tEa6U:KV8csZWb6yXsFbd2cbJwkMu8EjKGICRpNmbsZOEqCow	2024-12-06 20:18:10.567527+00
tpqhm5n0krzzbf2vci0jq4vd4f5r0kiu	.eJxVjDkOwjAUBe_iGlmOvFPScwbrLzYOIFuKkwpxd4iUAto3M-8lEmxrTdvIS5pZnIWP4vQ7ItAjt53wHdqtS-ptXWaUuyIPOuS1c35eDvfvoMKo3zorZw27QkWVicCiDxYiR8jBoFeT5qwLsfWRTCENCN46NEbZ4B1RFO8PMmQ43w:1tJJtL:s8gtWADwRHartPzlZtqI69AtBP2ZyXPKScORCdlAbnY	2024-12-19 22:00:11.340183+00
\.


--
-- Data for Name: ecolite_admin_table; Type: TABLE DATA; Schema: public; Owner: eyen
--

COPY public.ecolite_admin_table (id, username, first_name, last_name, password, email, user_role, is_admin, is_superuser, is_customer, is_driver, is_service_provider, created_on, address, phone_number) FROM stdin;
1	testuser	test	user	$2b$12$Q7H2TwWm5kRMNmkPoMel3.dvdbD5Oa7l6QiBE3cvOL3ZscfXq3Hg6	testuser@gmail.com	admin	t	t	f	f	f	2024-11-08 19:33:44.99043	\N	\N
2	tested1	ukaegbu	kingsley	$2b$12$riCbBYuW4bl2kXD0m4aJN.3BxDU9ze8oqYaOGPVR.Eu5ypgiZyBuS	fghj@gmail.com	admin	t	t	f	f	f	2024-11-08 19:33:44.99043	\N	\N
3	kingsley	ukebs	uwebss	$2b$12$c96UE1LTd.iMhMVX7oeI3OR3Q9PdTmJqwDIYc5x3s..avyFhxP3.2	uwebu@gmail.com	admin	t	t	f	f	f	2024-11-08 19:33:44.99043	\N	\N
5	kingsley11	ukebs	uwebss	$2b$12$U0/jdTrnPqDvWm00tmx9V.eHxd6Sui3.3n24uywzMunPCRlUPkHOO	uweb11@gmail.com	admin	t	t	f	f	f	2024-11-08 19:33:44.99043	\N	\N
6	kingsley111	ukebs	uwebss	$2b$12$srBP2WDwA8pnEMsTIfWBdeWFVtuHP3ILPBocrw7wvh809zj9U029O	uweb111@gmail.com	admin	t	t	f	f	f	2024-11-08 19:33:44.99043	\N	\N
7	kingsley1111	ukebs	uwebss	$2b$12$rkpIixXzg3/r9i7Ouki9buEGLB8/wvGnYoYGIPhyLsPCDo6ir7Xj6	uweb1111@gmail.com	admin	t	t	f	f	f	2024-11-08 19:33:44.99043	\N	\N
9	kingsley11111	ukebs	uwebss	$2b$12$CrNbonOh5oKULogJXg4i.OHeiKKijpHePa0i1pXtVg9zDC7UUf7lu	uweb11111@gmail.com	admin	t	t	f	f	f	2024-11-08 19:33:44.99043	\N	\N
10	kingsley1122	ukebs	uwebss	$2b$12$VBWmaZhOEEk.C/9VnAxreezrGk.yJkJokUwGQy8wfZRmBDHvYA1o6	uweb111211@gmail.com	admin	t	t	f	f	f	2024-11-08 19:33:44.99043	\N	\N
13	kinfgsh123	ukebs	uwebss	$2b$12$1FvaPyZ0BKF3cKnhcSeM6OefvI1MZsgGUO177tSZ2XqGVZXHS7MWi	uweb111aa11@gmail.com	admin	t	t	f	f	f	2024-11-08 19:33:44.99043	\N	\N
16	kinfgsh1234	ukebs	uwebss	$2b$12$HypXDxXb8dZdKQHTi8DDfeStGY99etXKAX8vlufYv8w5KYoN9GcLC	uweb111tyaa11@gmail.com	admin	t	t	f	f	f	2024-11-08 19:33:44.99043	\N	\N
18	kinfgsh12345	ukebs	uwebss	$2b$12$6ljFhl8RPAK6mCprrv1N8e1p1SaAqeprA9laTwp7RX5u15U15zaLy	uweb1151tyaa11@gmail.com	admin	t	t	f	f	f	2024-11-08 19:33:44.99043	\N	\N
20	kinfgsh123455	ukebs	uwebss	$2b$12$O.iyaW8ARO5fhH2Tz0TdS.DdryNVY9yKrsGqJvNdX66cYhbPnWotW	uweb1151oa11@gmail.com	admin	t	t	f	f	f	2024-11-08 19:33:44.99043	\N	\N
21	kinfgsh12@	ukebs	uwebss	$2b$12$oF1XYw8/RPd3vJ49lOVewO.qCwgzL94vv3q18.rV5BBbpLDr5yBLO	uweb145651oa11@gmail.com	admin	t	t	f	f	f	2024-11-08 19:33:44.99043	\N	\N
22	kinfgsh12!	ukebs	uwebss	$2b$12$OnTV99u.I/VW5Qaekk3AgO/ZmXx1cM2OnsR1t4DRlwbGazaPZLOyq	uweb1478651oa11@gmail.com	admin	t	t	f	f	f	2024-11-08 19:33:44.99043	\N	\N
24	kinfgsh12!1	ukebs	uwebss	$2b$12$vphndxNNJCWbtLXDxNxGW.jAjL7hPq0ItGq1X3gix7I32L3s8wIt.	uweb147865oa11@gmail.com	admin	t	t	f	f	f	2024-11-08 19:33:44.99043	\N	\N
25	kinfgsh178	ukebs	uwebss	$2b$12$SF2hJVYZMv09SJAA9eyCHeaNvtIEkVOv0MwHZIGyRqBJ5tc7EvfdO	uweb14786a11@gmail.com	admin	t	t	f	f	f	2024-11-08 19:33:44.99043	\N	\N
26	kinfgsh178!	ukebs	uwebss	$2b$12$CKehDwagGAprtLxo4R1TkOin8hmeyDYeO6XA8tTMa8m1HWgcUUvA6	uweb14786a!!11@gmail.com	admin	t	t	f	f	f	2024-11-08 19:33:44.99043	\N	\N
28	kinfgsh18!	ukebs	uwebss	$2b$12$Xg8JzQmNq4s6rDUqqA3ubOah54XUiXMbMIH6/7gySsYb0GsX8FDeK	uweb14786!11@gmail.com	admin	t	t	f	f	f	2024-11-08 19:33:44.99043	\N	\N
31	kinfgsh18!!	ukebs	uwebss	$2b$12$cJmqmBaolno2Uv5VMmpGnubPfrrATDL0YaRm7G.tqZElyONnj5dUm	uweb14786!11!!@gmail.com	admin	t	t	f	f	f	2024-11-08 19:33:44.99043	\N	\N
33	kinfgsh18!!Baba	ukebs	uwebss	$2b$12$BhU8Zf6ptNfSLSpe412yxONnN69IRvosYaKmuG3QTHmDtTh4g20S2	uweb1473386!11!!@gmail.com	admin	t	t	f	f	f	2024-11-08 19:33:44.99043	\N	\N
34	9cekid	ukebs	uwebss	$2b$12$64gx8Hcxx4xaotjuoIagTexEoe.PqvG1NA.E/Pxl0G1DUQfNQSGBO	uwebty73386!11!!@gmail.com	admin	t	t	f	f	f	2024-11-08 19:33:44.99043	\N	\N
36	davido	ukaegb	ndukwe	$2b$12$rDtuM0se0N88J6PQ2j9sh.a8PKsKNEA40VSTkMrFbijwKnN2q6V86	davido@gmail.com	admin	t	t	f	f	f	2024-11-08 19:33:44.99043	\N	\N
37	dani	davide	ukwebs	$2b$12$vUHfZRikYvA2qrejrjpCsu/UpESszOEUhiR.KWLNJxhZnl7gs8Wsy	kwebs@gmail.com	admin	t	t	f	f	f	2024-11-08 19:33:44.99043	\N	\N
38	daniella	emam	ella	$2b$12$c3ReBdCEBpmFgzgIBe.27.0XueEpiWTWARoYFf1ct0gw4e6cBHKMq	ella@gmail.com	admin	t	t	f	f	f	2024-11-08 19:33:44.99043	\N	\N
39	ukaegbuhimself	uwebs	ndukws	$2b$12$aErY78Z.2ir3y5UdX7HXyutMEKPe.na1.jZYimNhFxqM2qvLxHlgS	ukn121@gmail.com	admin	t	t	f	f	f	2024-11-08 19:33:44.99043	\N	\N
49	ukaegbuhimself1	uwebs	ndukws	$2b$12$QgM9IogG3Y//.BnBoYbH5.Yl6FhmzNUEfUfYAQuPy6DCOyeB6V4YC	ukn1211@gmail.com	admin	t	t	f	f	f	2024-11-08 19:33:44.99043	\N	\N
51	ukaegbuhimself14	uwebs	ndukws	$2b$12$mg7dFWJXmojwKuGGLBytfeiKBuIQlFpE7OR7Z/NeGemp1fi/VEHDm	ukn12151@gmail.com	admin	t	t	f	f	f	2024-11-08 19:33:44.99043	\N	\N
53	testuser2	uwebs	ndukws	$2b$12$oOYfDMVaiQWW8ouOvX8.o.6EWt0RVNbx/w6noi.nT3dwxet0Z00PG	testuser2@gmail.com	admin	t	t	f	f	f	2024-11-08 19:33:44.99043	\N	\N
55	testuser22	uwebs	ndukws	$2b$12$vllWI066Lm1fmJd60c8Tle29FFqJAaM7TWuxBeEbwoyn/burtc52K	testuser22@gmail.com	admin	t	t	f	f	f	2024-11-08 19:33:44.99043	\N	\N
56	testuser222	uwebs	ndukws	$2b$12$D5b/F5HfQOZZ2BnN.4feIuvn4bu1Hh/wA3x.HSmZOwjYnEYyJI97q	testuser222@gmail.com	admin	t	t	f	f	f	2024-11-08 19:33:44.99043	\N	\N
58	testuser2220	uwebs	ndukws	$2b$12$sd9oEvLh5/SDWFQBe9hJMOF6pUofXOmL7nAR5ekyoTWDF.pjWTpHu	testuser2202@gmail.com	admin	t	t	f	f	f	2024-11-08 19:33:44.99043	\N	\N
59	testuser22200	uwebs	ndukws	$2b$12$/iyN7BPz7JhFgxYNfmNIrOgAiO3UPPZ7UKhs.NVr7aANy5sTWgbpe	testuser22022@gmail.com	admin	t	t	f	f	f	2024-11-08 19:33:44.99043	\N	\N
61	testuser222001	uwebs	ndukws	$2b$12$XX51Eq2LVClKlE2iOqO.dO2f1zIzM4pYSN07RWlMyFi75LbHxtd1y	testuser220122@gmail.com	admin	t	t	f	f	f	2024-11-08 19:33:44.99043	\N	\N
62	testuser2220010	uwebs	ndukws	$2b$12$n1uqevWgbg5ej6jeAiSymu9q0lbPllQD35Jdzw3IQGld.AJr3cTLi	testuser2020122@gmail.com	admin	t	t	f	f	f	2024-11-08 19:33:44.99043	\N	\N
63	testuser22200102	uwebs	ndukws	$2b$12$aeY9tQB/Hp5bjteddHAAk.9a9FcD4NxKEV1dYMke9Cwc.86n1cExu	testuser20201322@gmail.com	admin	t	t	f	f	f	2024-11-08 19:33:44.99043	\N	\N
64	testcustomer	customer	customer	$2b$12$XiPsil89jc49jyAn8RdOxOt0pC/9km71AgeI1KaHpTDr56.1GLZPS	testcustomer@gmail.com	admin	t	t	f	f	f	2024-11-08 19:33:44.99043	\N	\N
65	userdata1	gdhjdj	fghs	$2b$12$X/CbvQEb6tIZdDQipANnl.BapU9T2dTziW6.3z/q5wqsp1OYajWgK	userdata1@gmail.com	admin	t	t	f	f	f	2024-11-08 19:33:44.99043	\N	\N
66	johndoe001	john	doe	$2b$12$y9qQ04sW/vB/M1pJxnU.2O2d16kV4bCnVMJmYJumVjKiFxFoiCPCG	johndoe11@example.com	admin	t	t	f	f	f	2024-11-08 19:34:00.809392	\N	\N
67	johndoe0015	john	doe	$2b$12$uYfTujwks55LzAeLTWRbm.FF5OldRh4tShawvZrTrhsyvkkTVLjUC	johndoe57@example.com	admin	t	t	f	f	f	2024-11-08 20:53:26.183224	\N	\N
68	davidooo	dave	uwebs	$2b$12$QXvRxYIxxsCuWleBJx5gRe4JDdRR0.8w4rJmKT9Vi1hVlGxyn6Ghu	9cekingg@gmail.com	admin	t	t	f	f	f	2024-11-13 18:02:39.713966	36b authority avenue	07037676797
69	tested11	dave	uwebs	$2b$12$C8tl3K9pQL7sCONXANxxO.wj1mv703QaRRThb2mNj/QMNOcsL2hNS	9cekingg11@gmail.com	admin	t	t	f	f	f	2024-11-16 21:30:32.394776	36b authority avenue	07037676797
\.


--
-- Data for Name: logistics_logistics_partner; Type: TABLE DATA; Schema: public; Owner: eyen
--

COPY public.logistics_logistics_partner (id, user_id, lat, lng) FROM stdin;
\.


--
-- Data for Name: otp; Type: TABLE DATA; Schema: public; Owner: eyen
--

COPY public.otp (id, otp, otp_expiration, admin_id) FROM stdin;
1	08562728	2024-10-25 13:49:35.778923	\N
2	72713502	2024-10-25 15:38:59.811285	\N
3	16516754	2024-10-25 15:40:16.820817	36
\.


--
-- Data for Name: otp_table; Type: TABLE DATA; Schema: public; Owner: eyen
--

COPY public.otp_table (id, otp, otp_expiration, admin_id) FROM stdin;
1	$2b$12$sjc7tZXsbxk.nfdSuOQLaeZ9HYHT2FyAurMIXeEe8oNrkc3YaSKV.	2024-10-25 16:46:08.304484	\N
2	$2b$12$h3a8nR.CeMIYWyZ21gVYp.E03/OgSNO76VRxzmx5oCdgOqfQv2X4q	2024-10-25 16:46:58.720103	\N
3	$2b$12$9rsQRnkX3ad7tZ4ezTy0kecmCWVPQ2EzfW69I0j1nog3xSu1C5ucS	2024-10-25 16:47:05.509898	\N
4	$2b$12$RwrP13zl.jVHZgLHLdAsk.Ms8eiOCuC4KnK7iAPdjFxMzedL3eb3K	2024-10-25 16:47:08.165426	\N
5	$2b$12$/QaGM26xBT7DjP.LxrrFcehNINEkIZ.6PeulpEfLQjQ8qINFchgnS	2024-10-25 17:44:31.010466	\N
6	$2b$12$N1BI/gQQcDC0TvS.btqNe.AchR2FOqHjN9s7dhsuP95Ao8mCCt9nq	2024-10-25 17:46:03.21918	\N
7	$2b$12$i9Tv1aB8c.Ow2JbHPjEfR.wuN/9j6k..gfQULjVN187u.fRf8EEA6	2024-10-25 17:46:14.11813	\N
8	$2b$12$rl6jJkSTXhIPR3sxctJZuehz0wWNQOaCYDcaJmjqdjwIenqFELNNe	2024-10-25 18:00:49.596282	36
9	$2b$12$QkDnSBvPNY8qXKnpgoYVLeol17miDaqugWNOg0c1Ho7XAPnjjfEYC	2024-10-25 18:27:16.959089	\N
10	$2b$12$jjBGPKQSwHE2tcKqPEB4WOA0vUdaKvbDsmu6MV7ogCFcCLrcKr4H6	2024-10-25 19:03:36.815323	\N
11	$2b$12$tYTOg6UefpfaPT7ZLpFpeeDaRxm8gMLRV0palEHkvc038S6tAdi4e	2024-10-25 19:03:45.30269	\N
12	\N	2024-10-25 19:08:31.646234	\N
13	$2b$12$F.Z75JT3G6LxBKVQigrdPO9qVO2ZSzQYidBekCz5n.URF1Xm56vdq	2024-10-25 19:18:16.758717	\N
14	$2b$12$Plz4yGNEi9P3WjJYegtv0ucXlS0yrdopvS9c4GUmgr9fv74sFgY6.	2024-10-25 19:18:23.963624	\N
15	$2b$12$FYbSugtz332HwRPxHBJ5qunZjj5yjQU6zV6fpW50bO/mEXqJpq.72	2024-10-25 19:26:47.839081	\N
16	$2b$12$O2TyIqQBCr0bizJJmr9bC.E5WBu537rVvOpu0kPIdI25euyFkhrf2	2024-10-25 19:26:59.705021	\N
17	\N	2024-10-25 19:29:02.630497	\N
18	\N	2024-10-25 19:40:37.456629	\N
19	\N	2024-10-25 19:52:23.264092	\N
20	$2b$12$.OzMYGvmf9oUiImKst3XX.wk8iSGCt5/1ixznun1TToGgScFdF4YC	2024-10-25 19:52:58.590836	\N
21	\N	2024-10-25 19:53:15.069964	38
22	$2b$12$G/baG7FUxFg3u9qWRXQVHekiu8C7xK2xC2Mn5b3vYHIJ.1Rqf5DUG	2024-11-01 07:45:30.163267	\N
23	$2b$12$EsSNI1byfDbjQkR/QEaft.AVGSeloOk327FIoVM4lrIg5eCxem60G	2024-11-01 07:46:14.78429	\N
24	$2b$12$vK3OeI4qTIm/uIsP.pYNIuk.7dJv2e2FNg6Qjg/ve1dDzyo6k1/IK	2024-11-01 07:50:15.300546	\N
25	$2b$12$7pn/.KV0iUDvzKSaOpmycOUMj/wiQ5dljkosREkajnqQsmQpQ5c16	2024-11-01 07:50:30.513569	\N
26	$2b$12$AG831JW/t3bK18ejTVXYfOq9wlRaVnbtgPQOxdKEmArRzeJj5XzrO	2024-11-01 08:19:21.587007	39
27	$2b$12$oTzEb/Rwlc57zca8VJtAVeRpyA38jK53bSx7hcp7blAJjAe/g8Nne	2024-11-08 21:08:42.449045	67
\.


--
-- Data for Name: rewards; Type: TABLE DATA; Schema: public; Owner: eyen
--

COPY public.rewards (id, total_points, claimed_rewards, customer_id) FROM stdin;
1	0	0	7
2	0	0	10
3	0	0	12
4	2024.34	4	13
\.


--
-- Data for Name: token_blacklist_blacklistedtoken; Type: TABLE DATA; Schema: public; Owner: eyen
--

COPY public.token_blacklist_blacklistedtoken (id, blacklisted_at, token_id) FROM stdin;
1	2024-11-22 20:28:54.795077+00	3
\.


--
-- Data for Name: token_blacklist_outstandingtoken; Type: TABLE DATA; Schema: public; Owner: eyen
--

COPY public.token_blacklist_outstandingtoken (id, token, created_at, expires_at, user_id, jti) FROM stdin;
1	eyJhbGciOiJIUzI1NiIsInR5cCI6IkpXVCJ9.eyJ0b2tlbl90eXBlIjoicmVmcmVzaCIsImV4cCI6MTczNzQ5MDYwOCwiaWF0IjoxNzMyMzA2NjA4LCJqdGkiOiJkNzM2NDYxMjQ1ODI0YmVkOTA2MDkzMDFiZTZjMWNkYyIsInVzZXJfaWQiOjF9.Q4aoGqR4L5Ysy19568bEGoRyE9nu2zbD9BWiIL3zkdg	2024-11-22 20:16:48.606755+00	2025-01-21 20:16:48+00	\N	d736461245824bed90609301be6c1cdc
2	eyJhbGciOiJIUzI1NiIsInR5cCI6IkpXVCJ9.eyJ0b2tlbl90eXBlIjoicmVmcmVzaCIsImV4cCI6MTczNzQ5MDc1MywiaWF0IjoxNzMyMzA2NzUzLCJqdGkiOiI1ZjZlNGM0ZDY2MjQ0MjQ0YWY5MGY4YjBkOTBkYWM0NiIsInVzZXJfaWQiOjF9.hPIJkz6pc_OKC7sGZKLVC9nvzRHHdesSo3-4dbTLOsc	2024-11-22 20:19:13.954001+00	2025-01-21 20:19:13+00	\N	5f6e4c4d66244244af90f8b0d90dac46
3	eyJhbGciOiJIUzI1NiIsInR5cCI6IkpXVCJ9.eyJ0b2tlbl90eXBlIjoicmVmcmVzaCIsImV4cCI6MTczNzQ5MTE0NSwiaWF0IjoxNzMyMzA3MTQ1LCJqdGkiOiJiMTVlNDMwYmY2NWM0Y2RlYjgyMjAyYTNmZGZmN2UzMSIsInVzZXJfaWQiOjF9.6-eQdMXb5qhFyinWSCBCWkPZIbCCSXP31WtUJchHqkA	2024-11-22 20:25:45.249972+00	2025-01-21 20:25:45+00	\N	b15e430bf65c4cdeb82202a3fdff7e31
4	eyJhbGciOiJIUzI1NiIsInR5cCI6IkpXVCJ9.eyJ0b2tlbl90eXBlIjoicmVmcmVzaCIsImV4cCI6MTczODAwMTM1MCwiaWF0IjoxNzMyODE3MzUwLCJqdGkiOiIzM2NhMTc0Mzk1OWE0NWM1OWY0MDIyMDA1M2JlZDI1ZSIsInVzZXJfaWQiOjF9.KIe0LGtGSGJmVDjHsFwPac6k-9V33dRG7wzJGO19riY	2024-11-28 18:09:10.032295+00	2025-01-27 18:09:10+00	\N	33ca1743959a45c59f40220053bed25e
5	eyJhbGciOiJIUzI1NiIsInR5cCI6IkpXVCJ9.eyJ0b2tlbl90eXBlIjoicmVmcmVzaCIsImV4cCI6MTczODAwNTQ3MywiaWF0IjoxNzMyODIxNDczLCJqdGkiOiJhNzVlY2RjNzlmOTA0MjMyYTJhYzRhMjJmOTg2YzdiNiIsInVzZXJfaWQiOjF9.Nrli5FFNPoGXsIhNmP2eJHx6u0veBLwVN_lIWsD-Q2k	2024-11-28 19:17:53.878947+00	2025-01-27 19:17:53+00	\N	a75ecdc79f904232a2ac4a22f986c7b6
6	eyJhbGciOiJIUzI1NiIsInR5cCI6IkpXVCJ9.eyJ0b2tlbl90eXBlIjoicmVmcmVzaCIsImV4cCI6MTczODI2NDgzNCwiaWF0IjoxNzMzMDgwODM0LCJqdGkiOiI3ZmFjYmFhZmE1ZTc0ZGY3OTYxZjNkOWY0NjczYjc5YiIsInVzZXJfaWQiOjF9.5EVeQ-_76w5iP6hitZb-HA9OskN3wecBrK7u-mYTxIk	2024-12-01 19:20:34.030062+00	2025-01-30 19:20:34+00	\N	7facbaafa5e74df7961f3d9f4673b79b
7	eyJhbGciOiJIUzI1NiIsInR5cCI6IkpXVCJ9.eyJ0b2tlbl90eXBlIjoicmVmcmVzaCIsImV4cCI6MTczODI2NTUyOSwiaWF0IjoxNzMzMDgxNTI5LCJqdGkiOiI3MDRiMzkzMDg3ODc0NWMyOTZlMjc0ZTRmYmRiZGMyZCIsInVzZXJfaWQiOjF9.mO-3l6XSd_yTURyGpSM-94i9WU8oH5UWJLkfx_OxV6E	2024-12-01 19:32:09.868675+00	2025-01-30 19:32:09+00	\N	704b3930878745c296e274e4fbdbdc2d
8	eyJhbGciOiJIUzI1NiIsInR5cCI6IkpXVCJ9.eyJ0b2tlbl90eXBlIjoicmVmcmVzaCIsImV4cCI6MTczODI3NDYwOSwiaWF0IjoxNzMzMDkwNjA5LCJqdGkiOiJjM2YxNzNiM2IyNGU0YjNkYmVkNTMyMTI4YjAzMjZiMiIsInVzZXJfaWQiOjF9.raiMiCDNABRkTjXYBkEHRRhjSeEQqDA7CGsBOXPqvJQ	2024-12-01 22:03:29.886664+00	2025-01-30 22:03:29+00	\N	c3f173b3b24e4b3dbed532128b0326b2
9	eyJhbGciOiJIUzI1NiIsInR5cCI6IkpXVCJ9.eyJ0b2tlbl90eXBlIjoicmVmcmVzaCIsImV4cCI6MTczODI3NjUyMCwiaWF0IjoxNzMzMDkyNTIwLCJqdGkiOiI3ZWM4NDYxYmYwYTU0NWE4OTZjZDA4MGE3MDQ2OTc5YiIsInVzZXJfaWQiOjF9.xGqZ19RfqNzQCiGYCnrzTdl9gVpjF5XbKodGJ8yll2s	2024-12-01 22:35:20.066552+00	2025-01-30 22:35:20+00	\N	7ec8461bf0a545a896cd080a7046979b
10	eyJhbGciOiJIUzI1NiIsInR5cCI6IkpXVCJ9.eyJ0b2tlbl90eXBlIjoicmVmcmVzaCIsImV4cCI6MTczODI3ODI0MCwiaWF0IjoxNzMzMDk0MjQwLCJqdGkiOiIzYTBlYzg0YmIzNmQ0Y2RiOTFmNmI1YjI0OTZkZjgxMCIsInVzZXJfaWQiOjF9.cccV9EwHKdGJlVpn-DqdKi2ty-LD1oy0GCoShSBsK84	2024-12-01 23:04:00.625445+00	2025-01-30 23:04:00+00	\N	3a0ec84bb36d4cdb91f6b5b2496df810
11	eyJhbGciOiJIUzI1NiIsInR5cCI6IkpXVCJ9.eyJ0b2tlbl90eXBlIjoicmVmcmVzaCIsImV4cCI6MTczODI4MTIwNSwiaWF0IjoxNzMzMDk3MjA1LCJqdGkiOiI2YTFlNzkzYTc2ZmI0N2I0YTBiMDQ5NDhlNzBkOTkwZSIsInVzZXJfaWQiOjF9.mjhdEpoTnIJYpnzsbtuDuLoAe0XvmZa_sNsZX2Z07Fo	2024-12-01 23:53:25.167023+00	2025-01-30 23:53:25+00	\N	6a1e793a76fb47b4a0b04948e70d990e
12	eyJhbGciOiJIUzI1NiIsInR5cCI6IkpXVCJ9.eyJ0b2tlbl90eXBlIjoicmVmcmVzaCIsImV4cCI6MTczODI4MTQzNiwiaWF0IjoxNzMzMDk3NDM2LCJqdGkiOiIxMjI5Mjc1MTE5M2I0N2U2OWQ3ZWNmYzM1N2Y5ZWVjZCIsInVzZXJfaWQiOjF9.dWq35UIIxlarrDRqhhioYzxgaFEDE_0i_30NNPV9kew	2024-12-01 23:57:16.750744+00	2025-01-30 23:57:16+00	\N	12292751193b47e69d7ecfc357f9eecd
13	eyJhbGciOiJIUzI1NiIsInR5cCI6IkpXVCJ9.eyJ0b2tlbl90eXBlIjoicmVmcmVzaCIsImV4cCI6MTczODM0ODQ1MiwiaWF0IjoxNzMzMTY0NDUyLCJqdGkiOiJhYzZmY2U4ZjVkMTU0MjU1OGQ2ZTcwMTE1OGU1NzQ5ZiIsInVzZXJfaWQiOjc3fQ.AwdroOnF2mzvCS-ccC0aeIjN8xmOhy7Zs-HyFkyNdhk	2024-12-02 18:34:12.186207+00	2025-01-31 18:34:12+00	77	ac6fce8f5d1542558d6e701158e5749f
14	eyJhbGciOiJIUzI1NiIsInR5cCI6IkpXVCJ9.eyJ0b2tlbl90eXBlIjoicmVmcmVzaCIsImV4cCI6MTczODM0ODY0NSwiaWF0IjoxNzMzMTY0NjQ1LCJqdGkiOiIxOGE3ZTMyN2M2Yjk0ZTgyYTNlYjgxZjVkYzJiMGQyNSIsInVzZXJfaWQiOjc3fQ.7bbyedPWLCWe87ZWJtOM5XNilu5TaAA3DDIxK4wmxSM	2024-12-02 18:37:25.878193+00	2025-01-31 18:37:25+00	77	18a7e327c6b94e82a3eb81f5dc2b0d25
15	eyJhbGciOiJIUzI1NiIsInR5cCI6IkpXVCJ9.eyJ0b2tlbl90eXBlIjoicmVmcmVzaCIsImV4cCI6MTczODM1MTk0NCwiaWF0IjoxNzMzMTY3OTQ0LCJqdGkiOiIyY2ExZWY5ODkxYzE0NmY4YjI2NGNkZWFlOTM2YTQ2YyIsInVzZXJfaWQiOjc3fQ.TsdorkvwiGL3Q-ax1PD2fJgnQge_IROpkbSEELoU7V4	2024-12-02 19:32:24.879644+00	2025-01-31 19:32:24+00	77	2ca1ef9891c146f8b264cdeae936a46c
16	eyJhbGciOiJIUzI1NiIsInR5cCI6IkpXVCJ9.eyJ0b2tlbl90eXBlIjoicmVmcmVzaCIsImV4cCI6MTczODM1MzM5OSwiaWF0IjoxNzMzMTY5Mzk5LCJqdGkiOiI1MGUyMTQwOTQyNjk0ZmRkYmY4YTE5MTViZWE4N2I5YyIsInVzZXJfaWQiOjc3fQ.UOu1T4UmT9bBMHLHkjyylf7BLWNL8_dXD9-j1NmHGd0	2024-12-02 19:56:39.181665+00	2025-01-31 19:56:39+00	77	50e2140942694fddbf8a1915bea87b9c
17	eyJhbGciOiJIUzI1NiIsInR5cCI6IkpXVCJ9.eyJ0b2tlbl90eXBlIjoicmVmcmVzaCIsImV4cCI6MTczODM1NzIyOCwiaWF0IjoxNzMzMTczMjI4LCJqdGkiOiI5NTdkYmEyNzE1ZjQ0ZTBiOGFiMzJhMWVjNjk0NDA4ZiIsInVzZXJfaWQiOjc5fQ.d_DY3s-D7zL5hXIB0KqESCEQmTbZSFDL3knxxD7t86s	2024-12-02 21:00:28.086442+00	2025-01-31 21:00:28+00	79	957dba2715f44e0b8ab32a1ec694408f
18	eyJhbGciOiJIUzI1NiIsInR5cCI6IkpXVCJ9.eyJ0b2tlbl90eXBlIjoicmVmcmVzaCIsImV4cCI6MTczODM1NzM3MywiaWF0IjoxNzMzMTczMzczLCJqdGkiOiI0Y2I5OGJiNDJjNzI0M2YyOTgxYWI1NTBmZWYzMzNjMCIsInVzZXJfaWQiOjc3fQ.8yRJ5FVJn-N0-KXSLDUXb3eIuwKvGg_NpavR1Nu2mvo	2024-12-02 21:02:53.146769+00	2025-01-31 21:02:53+00	77	4cb98bb42c7243f2981ab550fef333c0
19	eyJhbGciOiJIUzI1NiIsInR5cCI6IkpXVCJ9.eyJ0b2tlbl90eXBlIjoicmVmcmVzaCIsImV4cCI6MTczODQzNDAzMiwiaWF0IjoxNzMzMjUwMDMyLCJqdGkiOiI3N2JiYWNkZjAyNTA0NWZiYmU4ZjQ2YTE3Y2Y5Y2E0MyIsInVzZXJfaWQiOjc3fQ.CqhN0QHcg8zlE1J-dlek7ct0iISItBEtwWmBlUO853Y	2024-12-03 18:20:32.908359+00	2025-02-01 18:20:32+00	77	77bbacdf025045fbbe8f46a17cf9ca43
20	eyJhbGciOiJIUzI1NiIsInR5cCI6IkpXVCJ9.eyJ0b2tlbl90eXBlIjoicmVmcmVzaCIsImV4cCI6MTczODQzNTE2MiwiaWF0IjoxNzMzMjUxMTYyLCJqdGkiOiI0MjNjYWQxYjVmYWU0MzdjYTk1NmQ1ODA1YTZhZDdmMyIsInVzZXJfaWQiOjc3fQ.fxx5b2g4oW3NkzWyBYHjufZ98dLQSQyZCjZMOonXf5g	2024-12-03 18:39:22.953565+00	2025-02-01 18:39:22+00	77	423cad1b5fae437ca956d5805a6ad7f3
21	eyJhbGciOiJIUzI1NiIsInR5cCI6IkpXVCJ9.eyJ0b2tlbl90eXBlIjoicmVmcmVzaCIsImV4cCI6MTczODQzNTE5NSwiaWF0IjoxNzMzMjUxMTk1LCJqdGkiOiI5OGZjYThiZTNiMjk0NmEzYWU0NzFmZDYwNmQyZDRmZSIsInVzZXJfaWQiOjc3fQ._QllDjM3Ic63sdJ_S0z3OELhSUmu8c_TqRQGbA53uss	2024-12-03 18:39:55.23879+00	2025-02-01 18:39:55+00	77	98fca8be3b2946a3ae471fd606d2d4fe
22	eyJhbGciOiJIUzI1NiIsInR5cCI6IkpXVCJ9.eyJ0b2tlbl90eXBlIjoicmVmcmVzaCIsImV4cCI6MTczODQzNTIxMSwiaWF0IjoxNzMzMjUxMjExLCJqdGkiOiJlOWEwYjYwMzhmZTU0NDc4YjZiYTQ4YTEzYzg1YzRjNSIsInVzZXJfaWQiOjc3fQ.jycaXQAuKLrpfKj-tF5TIWt-kbS61G2NpDabyOgDIX4	2024-12-03 18:40:11.405708+00	2025-02-01 18:40:11+00	77	e9a0b6038fe54478b6ba48a13c85c4c5
23	eyJhbGciOiJIUzI1NiIsInR5cCI6IkpXVCJ9.eyJ0b2tlbl90eXBlIjoicmVmcmVzaCIsImV4cCI6MTczODQzNTI1NSwiaWF0IjoxNzMzMjUxMjU1LCJqdGkiOiJlZjM1YzMwNzExZTU0NzFjOTY1YTQyOWJhZGJlZGQ0YSIsInVzZXJfaWQiOjc3fQ.DgLf_S6nX4gmOP6WW8Zf2duVhuj952olm-UOkASM9es	2024-12-03 18:40:55.635706+00	2025-02-01 18:40:55+00	77	ef35c30711e5471c965a429badbedd4a
24	eyJhbGciOiJIUzI1NiIsInR5cCI6IkpXVCJ9.eyJ0b2tlbl90eXBlIjoicmVmcmVzaCIsImV4cCI6MTczODQzNTMwOSwiaWF0IjoxNzMzMjUxMzA5LCJqdGkiOiJkMzYxZjZjODNkZDg0MTg5ODY1ZjZkZGNiMTZkMjkzMCIsInVzZXJfaWQiOjc3fQ.tcG3lh99eQ9T4zl4N8wpOf4Cpy4zM9lWoiPfGScuJ0E	2024-12-03 18:41:49.321098+00	2025-02-01 18:41:49+00	77	d361f6c83dd84189865f6ddcb16d2930
25	eyJhbGciOiJIUzI1NiIsInR5cCI6IkpXVCJ9.eyJ0b2tlbl90eXBlIjoicmVmcmVzaCIsImV4cCI6MTczODQzNTM1MiwiaWF0IjoxNzMzMjUxMzUyLCJqdGkiOiI3MTg1N2VhNTNkNTA0NjVlYTYxOTE0ZTUzMTU3ODhkYyIsInVzZXJfaWQiOjc3fQ.wtLAIk5MOb3NTy4lMV94J24YyvedB58wBWjXbVShpyc	2024-12-03 18:42:32.655955+00	2025-02-01 18:42:32+00	77	71857ea53d50465ea61914e5315788dc
26	eyJhbGciOiJIUzI1NiIsInR5cCI6IkpXVCJ9.eyJ0b2tlbl90eXBlIjoicmVmcmVzaCIsImV4cCI6MTczODQzNTQzMywiaWF0IjoxNzMzMjUxNDMzLCJqdGkiOiIyODI4NGM2Y2MwMWE0NzU2ODM0NTI3Yzg2YjFmZTNkMSIsInVzZXJfaWQiOjc3fQ.XYuCw4WYkdZsyqPe-mm1QlUEMGgzHFG1A51rcP3zfUA	2024-12-03 18:43:53.307774+00	2025-02-01 18:43:53+00	77	28284c6cc01a4756834527c86b1fe3d1
27	eyJhbGciOiJIUzI1NiIsInR5cCI6IkpXVCJ9.eyJ0b2tlbl90eXBlIjoicmVmcmVzaCIsImV4cCI6MTczODQzNTQ1NiwiaWF0IjoxNzMzMjUxNDU2LCJqdGkiOiIxOGRmOGFhNDIyYzY0MmYyYTIxNTkwNDg5ZTgxZWUwNyIsInVzZXJfaWQiOjc3fQ.OkzoWYW4z-Hiy3WN0ZLeukO-TBokjIH8i0hlwXvlqrI	2024-12-03 18:44:16.920751+00	2025-02-01 18:44:16+00	77	18df8aa422c642f2a21590489e81ee07
28	eyJhbGciOiJIUzI1NiIsInR5cCI6IkpXVCJ9.eyJ0b2tlbl90eXBlIjoicmVmcmVzaCIsImV4cCI6MTczODQzNTU5MCwiaWF0IjoxNzMzMjUxNTkwLCJqdGkiOiJiNmNmY2M3NGEwNWI0ZjIyODY1YzZhZmIzMjU0NTI1YiIsInVzZXJfaWQiOjc3fQ.-NX9j5WVrpKhA0biAqtWWvTe2XGM2nNkvjBZ3KxjdAU	2024-12-03 18:46:30.400693+00	2025-02-01 18:46:30+00	77	b6cfcc74a05b4f22865c6afb3254525b
29	eyJhbGciOiJIUzI1NiIsInR5cCI6IkpXVCJ9.eyJ0b2tlbl90eXBlIjoicmVmcmVzaCIsImV4cCI6MTczODQzNTcwMSwiaWF0IjoxNzMzMjUxNzAxLCJqdGkiOiIyYzI4Y2E3YzhmNWU0OTUyODRmOWRjZWY2MDY4OTNiNiIsInVzZXJfaWQiOjc3fQ.23ZixQw9pDhvqNkAEwuLbNJQFg01KUoa-gH4JVXj1jg	2024-12-03 18:48:21.204421+00	2025-02-01 18:48:21+00	77	2c28ca7c8f5e495284f9dcef606893b6
30	eyJhbGciOiJIUzI1NiIsInR5cCI6IkpXVCJ9.eyJ0b2tlbl90eXBlIjoicmVmcmVzaCIsImV4cCI6MTczODQzNTg5OCwiaWF0IjoxNzMzMjUxODk4LCJqdGkiOiI1ZjcwMWFmZjczNjk0ZTkzYTA2ODQ3YjM3ZjlkM2M0NiIsInVzZXJfaWQiOjc3fQ.CiFUjSYVRNQE_SSO9F1qQ5PfYdSSvLD_koEE8OUfeQQ	2024-12-03 18:51:38.257776+00	2025-02-01 18:51:38+00	77	5f701aff73694e93a06847b37f9d3c46
31	eyJhbGciOiJIUzI1NiIsInR5cCI6IkpXVCJ9.eyJ0b2tlbl90eXBlIjoicmVmcmVzaCIsImV4cCI6MTczODQzNjE0MSwiaWF0IjoxNzMzMjUyMTQxLCJqdGkiOiIwMDY2YTBmZjIyNzk0M2ExYTRjMzUxMzY0OTY5ZjM0YiIsInVzZXJfaWQiOjc3fQ.oDwD8US11ln-xc6j-8XNiMc52IR1-0Av_1ohqqZtHbo	2024-12-03 18:55:41.457126+00	2025-02-01 18:55:41+00	77	0066a0ff227943a1a4c351364969f34b
32	eyJhbGciOiJIUzI1NiIsInR5cCI6IkpXVCJ9.eyJ0b2tlbl90eXBlIjoicmVmcmVzaCIsImV4cCI6MTczODQ0MTg1NCwiaWF0IjoxNzMzMjU3ODU0LCJqdGkiOiI2YzVkYTg2OWZkYjI0YjIwOWEwOGYxM2E4ZDhlNGYwMSIsInVzZXJfaWQiOjc3fQ.unYFZ6CvkVFgYjleHrw_7TJFh5cnOgTS8LJWG4dYFZU	2024-12-03 20:30:54.34558+00	2025-02-01 20:30:54+00	77	6c5da869fdb24b209a08f13a8d8e4f01
33	eyJhbGciOiJIUzI1NiIsInR5cCI6IkpXVCJ9.eyJ0b2tlbl90eXBlIjoicmVmcmVzaCIsImV4cCI6MTczODQ0MjgxOSwiaWF0IjoxNzMzMjU4ODE5LCJqdGkiOiJhMmU1ODg0OTZkYTQ0OWY2YTRkNTYzODRjMDg3MzgzMiIsInVzZXJfaWQiOjc3fQ.bSASyshxgNBjoItWYD3J8AF3GJBBXngL6kg9xBanWqE	2024-12-03 20:46:59.088299+00	2025-02-01 20:46:59+00	77	a2e588496da449f6a4d56384c0873832
34	eyJhbGciOiJIUzI1NiIsInR5cCI6IkpXVCJ9.eyJ0b2tlbl90eXBlIjoicmVmcmVzaCIsImV4cCI6MTczODQ0MzI5NCwiaWF0IjoxNzMzMjU5Mjk0LCJqdGkiOiJmMGY5MDBjZDQ5M2M0ZWRiYmI1ZDEyMWEzMjU3OTZjZiIsInVzZXJfaWQiOjc3fQ.chl6CMJfgWYDy1HBFmKnVOsFFRmqmCvLPpxHHfIe77Y	2024-12-03 20:54:54.420192+00	2025-02-01 20:54:54+00	77	f0f900cd493c4edbbb5d121a325796cf
35	eyJhbGciOiJIUzI1NiIsInR5cCI6IkpXVCJ9.eyJ0b2tlbl90eXBlIjoicmVmcmVzaCIsImV4cCI6MTczODQ0NjAwOSwiaWF0IjoxNzMzMjYyMDA5LCJqdGkiOiI4YTkyNThlZDc2YWQ0NTY4YTBhZDU5MDc1YjgyNGI0NSIsInVzZXJfaWQiOjc3fQ.6Iu0DfSHa3wUGzJLEcP8UfMWsPE2oYNbtkQXZ4Rs6tk	2024-12-03 21:40:09.580252+00	2025-02-01 21:40:09+00	77	8a9258ed76ad4568a0ad59075b824b45
36	eyJhbGciOiJIUzI1NiIsInR5cCI6IkpXVCJ9.eyJ0b2tlbl90eXBlIjoicmVmcmVzaCIsImV4cCI6MTczODQ0NzI4NiwiaWF0IjoxNzMzMjYzMjg2LCJqdGkiOiJiYmU3MmRmMjU4NjU0MTZjODc4ZjhkOGJhYmMwYzRlZSIsInVzZXJfaWQiOjc5fQ.wyS4UFgca6t4uTi9YRXMdjQv2jPbeUWJ8Olm3zoN5L8	2024-12-03 22:01:26.791806+00	2025-02-01 22:01:26+00	79	bbe72df25865416c878f8d8babc0c4ee
37	eyJhbGciOiJIUzI1NiIsInR5cCI6IkpXVCJ9.eyJ0b2tlbl90eXBlIjoicmVmcmVzaCIsImV4cCI6MTczODQ0NzMzNiwiaWF0IjoxNzMzMjYzMzM2LCJqdGkiOiIxNWI1NDA1MTM1OWI0MGU5OGMxNGE3ZGQxYzAxZTdlOSIsInVzZXJfaWQiOjc3fQ.e0tz-7CpoHKjXfFhCxoMjy7LDWxQptYZtraePjszbPA	2024-12-03 22:02:16.584534+00	2025-02-01 22:02:16+00	77	15b54051359b40e98c14a7dd1c01e7e9
38	eyJhbGciOiJIUzI1NiIsInR5cCI6IkpXVCJ9.eyJ0b2tlbl90eXBlIjoicmVmcmVzaCIsImV4cCI6MTczODUyMjc3MiwiaWF0IjoxNzMzMzM4NzcyLCJqdGkiOiIzMjYxZGVlOGVhMTE0MTIzYTQ0NjJlNGFiMmRlMGZiMSIsInVzZXJfaWQiOjc3fQ.62Td3sTkWvIQmRpSJ7AYe3BMSCV5wWCuz5txtPBgkQg	2024-12-04 18:59:32.270435+00	2025-02-02 18:59:32+00	77	3261dee8ea114123a4462e4ab2de0fb1
39	eyJhbGciOiJIUzI1NiIsInR5cCI6IkpXVCJ9.eyJ0b2tlbl90eXBlIjoicmVmcmVzaCIsImV4cCI6MTczODYyMDI5MCwiaWF0IjoxNzMzNDM2MjkwLCJqdGkiOiJiZmJlOWZjNDY2Y2Y0NDA4YjA2ZjIzOTI3ZDI2ZTRmNiIsInVzZXJfaWQiOjc5fQ.Pp0kFk4iJKKN4A8I-h7mOEgPgktg19WjskKCdY1NXe0	2024-12-05 22:04:50.108604+00	2025-02-03 22:04:50+00	79	bfbe9fc466cf4408b06f23927d26e4f6
40	eyJhbGciOiJIUzI1NiIsInR5cCI6IkpXVCJ9.eyJ0b2tlbl90eXBlIjoicmVmcmVzaCIsImV4cCI6MTczODYyMjIyNiwiaWF0IjoxNzMzNDM4MjI2LCJqdGkiOiI2YTRlYWFhZWY5YWY0YjEzODFlOTAyMGY4MTBmYWY2ZSIsInVzZXJfaWQiOjc3fQ.volEF50w7tcA7KCWitQb5XNfDafumJBuxLN5HC9ltdc	2024-12-05 22:37:06.228857+00	2025-02-03 22:37:06+00	77	6a4eaaaef9af4b1381e9020f810faf6e
41	eyJhbGciOiJIUzI1NiIsInR5cCI6IkpXVCJ9.eyJ0b2tlbl90eXBlIjoicmVmcmVzaCIsImV4cCI6MTczODYyMjQzNCwiaWF0IjoxNzMzNDM4NDM0LCJqdGkiOiI1MzUxMTQzZWI0OTI0Njg5OGI2ZDBkODZlNmIwODFhZSIsInVzZXJfaWQiOjc5fQ.HcrkgrnBNTYsTbKNEUq8XOjshoFnEVCW6u8jtJOVAMc	2024-12-05 22:40:34.92688+00	2025-02-03 22:40:34+00	79	5351143eb49246898b6d0d86e6b081ae
42	eyJhbGciOiJIUzI1NiIsInR5cCI6IkpXVCJ9.eyJ0b2tlbl90eXBlIjoicmVmcmVzaCIsImV4cCI6MTczODYyNDk5OSwiaWF0IjoxNzMzNDQwOTk5LCJqdGkiOiJlOTgwZGE4ODY4NzI0NmEwODNkYzI4YjI5MjQyYmJiZSIsInVzZXJfaWQiOjc5fQ.h-wX0duhMeA6GpjPIFg9TBQo5DPXFzLlp67LNXSpM0o	2024-12-05 23:23:19.021263+00	2025-02-03 23:23:19+00	79	e980da88687246a083dc28b29242bbbe
\.


--
-- Data for Name: tracking_information_tracking_info; Type: TABLE DATA; Schema: public; Owner: eyen
--

COPY public.tracking_information_tracking_info (id, parcel_number, date_of_purchase, delivery_date, shipping_address, latitude, longitude, destination_lat, destination_lng, rider_email, realtime_location, country, product_name, quantity, vendor, status, owner_id, rider_id, customer_email, time_of_purchase) FROM stdin;
1	XE23456784567ER	2024-11-21	2024-11-21	36b Authority avenue, ile iwe Bus stop Ikotun	-8.33205	2.95154	2.2226	6.3222	\N	\N	Nigeria	unknown product	1	ukm	pending	21	\N	n.u.kingsley@gmail.com	19:25hrs
2	JO223603848OE	2024-12-02	2024-12-12	Bogobiri St, Calabar Municipal, Nigeria	\N	\N	4.95896	8.32666	\N	\N	Nigeria	shoes	2	johnny_logistics	pending	77	\N	ukn@gmail.com	19:42hrs
3	JO149230016OE	2024-12-02	2024-12-12	Bogobiri St, Calabar Municipal, Nigeria	\N	\N	4.95896	8.32666	\N	\N	Nigeria	shoes	2	johnny_logistics	pending	77	\N	ukn@gmail.com	19:47hrs
4	JO280980806OE	2024-12-03	2024-12-12	100 Johnny Ave, Pollok, TX 75969-4106, United States	\N	\N	31.43788	-94.82206	\N	\N	United States	shoes	2	johnny_logistics	pending	77	\N	johndoe@example.com	20:56hrs
5	JO128373727OE	2024-12-03	2024-12-12	100 Johnny Ave, Pollok, TX 75969-4106, United States	\N	\N	31.43788	-94.82206	\N	\N	United States	shoes	2	johnny_logistics	pending	77	\N	johndoe@example.com	20:56hrs
\.


--
-- Data for Name: user_otp; Type: TABLE DATA; Schema: public; Owner: eyen
--

COPY public.user_otp (id, owner_id, hashed_otp, otp_expiration) FROM stdin;
3	4	\N	\N
4	7	\N	2024-11-18 21:13:06.377094+00
5	8	\N	\N
6	9	\N	\N
7	10	\N	\N
13	16	\N	\N
14	17	\N	\N
15	18	\N	\N
16	19	\N	\N
18	21	\N	\N
32	35	\N	\N
35	38	\N	\N
36	39	\N	\N
38	41	\N	\N
41	44	\N	\N
42	45	\N	\N
43	46	\N	\N
44	47	\N	\N
45	48	\N	\N
46	49	\N	\N
47	50	\N	\N
48	51	\N	\N
50	53	\N	\N
51	54	\N	\N
52	55	\N	\N
53	56	\N	\N
54	57	\N	\N
55	58	\N	\N
56	59	\N	\N
57	60	\N	\N
58	61	\N	\N
59	62	\N	\N
60	63	\N	\N
61	64	\N	\N
64	67	\N	\N
66	69	\N	\N
69	72	\N	2024-11-22 11:30:12.046907+00
70	73	\N	\N
71	74	\N	\N
72	75	\N	\N
73	76	\N	\N
74	77	\N	\N
75	78	\N	\N
76	79	\N	\N
\.


--
-- Data for Name: user_user; Type: TABLE DATA; Schema: public; Owner: eyen
--

COPY public.user_user (id, password, last_login, name, email, phone_number, address, account_type, avatar, is_admin, is_staff, is_superuser, date_joined, is_verified, updated_on) FROM stdin;
21	pbkdf2_sha256$600000$R7sNnBMRkHmkAb5V6u5Cpk$flRjNKzVmUuySVOKFEXRGwcWviyJAIYmIB+55NPGhC4=	\N	ukaegb21	ukaegb102112@gmail.com	+23412167610	36b authority avenue	business		f	f	f	2024-11-18 23:15:19.707081+00	f	\N
2	pbkdf2_sha256$600000$IsozFT4WQjqxCW7vbV0fBZ$YkVHdFLzgt8wW1nvczwl7MC3DIJlJ9d3+YNWvtZS4WY=	\N	Ukaegbu	ukaegbu@gmail.com	+2347037676797	36B authority Avenue	business		f	f	f	2024-11-18 18:10:14.414656+00	f	\N
4	pbkdf2_sha256$600000$Mfog57T29GDQDEBEGgNDwH$NFLGI0VJDrUAnOxqMl9OVhgcbOItoK/F7zjI6FW/vw0=	\N	Ukaegbu1	ukaegbu1@gmail.com	+2347037676796	36B authority Avenue	business		f	f	f	2024-11-18 18:14:49.740203+00	f	\N
6	pbkdf2_sha256$600000$guZT8bkTbCBEOT10ATR14X$uqSXzAPhU+AZqUuLif2/ff+EXa+7Mb9t3XhJmWt79Q8=	\N	Ukaegbu122	ukaegbu122@gmail.com	+234703767679611	36B authority Avenue	business		f	f	f	2024-11-18 18:38:47.270841+00	f	\N
7	pbkdf2_sha256$600000$Pjn5ARncYOUT6AKlP8ZWIu$HWM0zG2zVTYwJW6uFW4TFpkE+Fa0XAa2O6VG23ChJgg=	\N	Ukaegbu2	ukaegbu12@gmail.com	+234703767679610	36B authority Avenue	business		f	f	f	2024-11-18 18:41:40.845352+00	f	\N
8	pbkdf2_sha256$600000$EvKHrSpBmSHy1R0aYrqwRb$cPx/YkNN2hNwIvgdfugnxbIUC6iuvZduNst4Bw8He04=	\N	ukaegbu2	ukaegbu10@gmail.com	+23470376679610	36b authority avenue	business		f	f	f	2024-11-18 22:41:17.182579+00	f	\N
9	pbkdf2_sha256$600000$HDpzb6xfk3IRiHZcaFkfJg$LHHMoBNcwzKVkhPsop3obbZSaVJmimUrx9kt16HTplo=	\N	ukaegbu21	ukaegbu101@gmail.com	+23470326679610	36b authority avenue	business		f	f	f	2024-11-18 22:45:58.644871+00	f	\N
10	pbkdf2_sha256$600000$eE9nRmNowFM7MCMBIGW7xv$UCKDcv8CnDjAJQI4fDcTE/AwnCanDjAE2fK1ILkPSPM=	\N	ukaegbu221	ukaegbu1021@gmail.com	+2340326679610	36b authority avenue	business		f	f	f	2024-11-18 22:47:42.743911+00	f	\N
16	pbkdf2_sha256$600000$zC1qzklIj4ZUW9WIktrxtk$fOks9zFhbzciXPbFEf3YonD2LJD0WPH/aFp/RHN+j04=	\N	ukaegbu221	ukaegbu102112@gmail.com	+2340132667610	36b authority avenue	business		f	f	f	2024-11-18 22:56:04.932823+00	f	\N
17	pbkdf2_sha256$600000$rRXBx8qKNqoJNrsGwhgKLH$HHT6IMAkQfYN7/W8x/mT+IdWyPWBYLqDfIYKCgV0jmg=	\N	ukaegbu2211	ukaegbu1021112@gmail.com	+234013267610	36b authority avenue	business		f	f	f	2024-11-18 22:56:52.360768+00	f	\N
18	pbkdf2_sha256$600000$ZXHcrlASlmQYKI7rWAaRxk$kULmOjWXD8BZU6Yp/OPYwgk2oTFSiufcsjYSYJ6bRcM=	\N	ukaegb2211	ukaegb1021112@gmail.com	+2340132167610	36b authority avenue	business		f	f	f	2024-11-18 22:58:36.061018+00	f	\N
19	pbkdf2_sha256$600000$2FrSrjlFJYV9dgWl5S6p6j$ih0Xpl6cfPWG9xM5D43U4wqft6lWbxjEbvw4YMuuI2o=	\N	ukaegb21	ukaegb10214112@gmail.com	+234132167610	36b authority avenue	business		f	f	f	2024-11-18 23:05:55.95573+00	f	\N
35	pbkdf2_sha256$600000$SizmkG4QfW9aZObKSE8xKC$oWyp8tv9E9XrRT5dzwC5GVVmLBuoEEX3d1qJ1E1skf0=	\N	ukaegb241	ukaeg2b102112@gmail.com	+2341216610	36b authority avenue	business		f	f	f	2024-11-18 23:39:08.202954+00	f	\N
44	pbkdf2_sha256$600000$xfwTG8PptFcmLBIdgAjdXE$AtZ3kxyrQetQkkMJwRJ6038aii7eBr5Ng6ZlG0X9rGs=	\N	ukaegbu11	9cekingg1101@gmail.com	070376767924	36b authority avenue	business	images/Screenshot_18-9-2024_115928_img.freepik.com_Ger5FxC.jpeg	f	f	f	2024-11-19 19:24:47.508942+00	f	\N
45	pbkdf2_sha256$600000$UQelghFCVvWP1hRWFAfo7P$syAlOtyVXnYZorc41/mkgQIyAigiv9zp9yXDXkvXfo4=	\N	ukaegbu111	9cekingg1101@gmail.comq	07037676924	36b authority avenue	business	images/Screenshot_18-9-2024_115928_img.freepik.com_QOoYISt.jpeg	f	f	f	2024-11-19 19:28:16.735783+00	f	\N
46	pbkdf2_sha256$600000$GlaDp9XjvWMC4atgts4QrI$DCXRkCBgUPRkENj5ZWSJdIp0wbntVRKJ7ZIhLdWnk34=	\N	ukaegbu111	9cekingg11101@gmail.com	070376769241	36b authority avenue	business	images/Screenshot_18-9-2024_115928_img.freepik.com_7K20lix.jpeg	f	f	f	2024-11-19 19:28:48.25826+00	f	\N
47	pbkdf2_sha256$600000$CDJdJ8LBeSxjraRRGbpu5U$i03asJNA9lbH39TWeHyksbSTg7G74a4MLSKc0lWbZtk=	\N	ukaegbu111	9cekngg11101@gmail.com	70376769241	36b authority avenue	business	images/Screenshot_18-9-2024_115928_img.freepik.com_cybE1YP.jpeg	f	f	f	2024-11-19 19:29:25.00566+00	f	\N
48	pbkdf2_sha256$600000$tlvL2b4PdUmo070nEAdgZM$ZccgY/A3cQ0uEHl0Qkx3Z14QcEJvYaMXmtPOOP2IGRA=	\N	ukaegbu111	9cekngg11101@gmail.comw	703767692411	36b authority avenue	business		f	f	f	2024-11-19 19:30:10.177482+00	f	\N
49	pbkdf2_sha256$600000$F6YT8jPZpF1ID4OiA7zoPh$hq1jUJoo791zq2YGWiGrQuf2QsxXKNikAAZKZeC9VTs=	\N	ukaegbu111	cekngg11101@gmail.comw	7037676924	36b authority avenue	business	images/IMG_3250_HJuoSv2.jpg	f	f	f	2024-11-19 19:31:49.017056+00	f	\N
50	pbkdf2_sha256$600000$HMXeUHeBWuel0RyAkRrTNQ$EMCzkckAGQEblwhAj4lcVt9b3sKxiU9LGEdqp/dSrLk=	\N	ukaegbu1112	cekngg1101@gmail.comw	700376769241	36b authority avenue	business	images/Screenshot_18-9-2024_115928_img.freepik.com_CwVKv3U.jpeg	f	f	f	2024-11-19 19:35:49.611365+00	f	\N
51	pbkdf2_sha256$600000$6VlzGJ0f9mB2kyaBGMjjkd$b1q/hS+ahKlJ2KfibtyDYjtO3/MPEMwqzyVpoOQ/TtE=	\N	ukaegbu11122	fghs@gmail.com	7003767692411	36b authority avenue	business	images/Screenshot_18-9-2024_115928_img.freepik.com_ePGc2Km.jpeg	f	f	f	2024-11-19 19:37:04.335763+00	f	\N
53	pbkdf2_sha256$600000$TCjSBRcBGkHy0W3SiC5dQQ$xiCod/GZkSm95SZG5rR8Jk+hkMJJqLITqGsosAnN+hY=	\N	ukaegbu11122p	fghps@gmail.com	700376692411	36b authority avenue	business	images/Screenshot_18-9-2024_115928_img.freepik.com_j3XDTzD.jpeg	f	f	f	2024-11-19 19:40:59.174483+00	f	\N
54	pbkdf2_sha256$600000$nfYuhMf1ICtlUrOPyQWI3N$THuB8BYdlVTYkvchNybOE1YQnReRkz/ppKsZ7M+1wok=	\N	ukaegbu1122p	fgh@gmail.com	70076692411	36b authority avenue	business	images/Screenshot_18-9-2024_115928_img.freepik.com_3ZRA8eF.jpeg	f	f	f	2024-11-19 19:44:41.630404+00	f	\N
38	pbkdf2_sha256$600000$KlKPs6xfOQr6WfsJFRQPSG$WIbhpYAPcyq7+FaPQCDNb4NNRMX2VHLyuqk4PXhKHuM=	\N	rena66	ukag@gmail.com	070376768873	test address	business		f	f	f	2024-11-18 23:44:17.038054+00	f	\N
39	pbkdf2_sha256$600000$rX2BItvUSP691EdA3ZdRTc$DKoSCoU30OHZ5ZgXrOI785Kh3hHXJwLzmqRvdKCd0LY=	\N	ukaegbu	9cekingg11@gmail.com	07037676797	36b authority avenue	business	images/IMG_3250.jpg	f	f	f	2024-11-19 19:00:53.705463+00	f	\N
41	pbkdf2_sha256$600000$6oyGf5WtwHQUfDCpxK4FJG$W1aWFTjtlfbwNVvwUxLbP3PRRWZtl8XUP2AYVgZ4kuk=	\N	ukaegbu1	9cekingg111@gmail.com	07037676792	36b authority avenue	business	images/IMG_3250_e3tLCsU.jpg	f	f	f	2024-11-19 19:03:34.38802+00	f	\N
55	pbkdf2_sha256$600000$i0EpufngiNFNDkJ7cgPz32$U4wxmDZ69TA2a8Ih06Gzhy2FdAIEDQWDDxN69cHWask=	\N	ukaegbu1122p	fgh@gmail.comgg	700766924111	36b authority avenue	business	images/Screenshot_18-9-2024_115928_img.freepik.com_uVVYlCZ.jpeg	f	f	f	2024-11-19 19:45:46.845434+00	f	\N
56	pbkdf2_sha256$600000$w2Cm64kXZylfz2ygwHr3FC$IFncEnGIErIJMJb0q1pj7kVPeBMeKBVKLJNPmH/YchI=	\N	ukaegbu122p	fgh@gmail.comg	70066924111	36b authority avenue	business	images/Screenshot_18-9-2024_115928_img.freepik.com_dV4cr10.jpeg	f	f	f	2024-11-19 19:46:50.570405+00	f	\N
57	pbkdf2_sha256$600000$Ur5JsDlqIAnOMnOAODKL0e$JvXQMc9ounA26J2GdKO0KWFqk0SVFDsz9IM98ZRjx+8=	\N	ukaegbuu	fgh@gmail.co	7006924111	36b authority avenue	business	images/Screenshot_18-9-2024_115928_img.freepik.com_nNtK60N.jpeg	f	f	f	2024-11-19 19:55:00.787656+00	f	\N
58	pbkdf2_sha256$600000$qD9bERBOuUUVO1pCeBVL1n$p0IkUn/6WPgbVn5kvz6zWdzEiv9uoC61Xa4vhKLISgE=	\N	ukaegbuu1	fg@gmail.co	700692411133	36b authority avenue	business	images/Screenshot_18-9-2024_115928_img.freepik.com_gSxISiF.jpeg	f	f	f	2024-11-19 19:58:53.401764+00	f	\N
59	pbkdf2_sha256$600000$DEG4T6vWqJ8S8gVVgI4uCx$qrIMVqKQ/zVUUsYcyslM6DDgmjFqvUwrZVQEoW4w4xM=	\N	ukaegbuu1	fg@gmail.com	70064111335	36b authority avenue	business		f	f	f	2024-11-19 19:59:31.007614+00	f	\N
60	pbkdf2_sha256$600000$sKKfxjq6K8QW3LcKCXhOoK$aKGTl1quSinZKlx38drDluPe2rGsxz22Pg9BhZr/OfM=	\N	ukaegbuu1	fggg@gmail.com	76411133533	36b authority avenue	business		f	f	f	2024-11-19 20:01:02.525431+00	f	\N
61	pbkdf2_sha256$600000$yvhd9Lkvwol4Z3ilxAISnM$QXI9ypvdHtX2CDVQjJz6XdW1G9VjTB8Dr5vESReqJR4=	\N	ukaegbuu1m	fggg@gmail.commm	764111333	36b authority avenue	business	images/Screenshot_18-9-2024_115928_img.freepik.com_XwxdNOt.jpeg	f	f	f	2024-11-19 20:01:29.51173+00	f	\N
62	pbkdf2_sha256$600000$QYw7Xla9SKE3O953W1MB8a$OmKsNn9ruFGwBxPFqFF7myDlJLSLlM0q7xCzGHg594g=	\N	ukaegbuu1m1	fggggg@gmail.commm	76411133333	36b authority avenue	business	images/Screenshot_18-9-2024_115928_img.freepik.com_h1JLbPA.jpeg	f	f	f	2024-11-19 20:15:46.66381+00	f	\N
63	pbkdf2_sha256$600000$ueyBkyuiqG8ZNRByNCaZ5S$7ZZAsgMz9tWeP6yHcv6xMhf2ukHX7nABZp6MK2mpNJ0=	\N	ukaegbuu1m1	333@gmail.commm	764111333333	36b authority avenue	business	images/Screenshot_18-9-2024_115928_img.freepik.com_mXxMf3R.jpeg	f	f	f	2024-11-19 20:19:25.858288+00	f	\N
64	pbkdf2_sha256$600000$uFzd82mshOllQGZFbYW9i8$aOx1SyrG5HU7zF+5lyvW4uid5csbV3aAH+gz5MCJx74=	\N	ukaegbuu1m11	3331@gmail.commm	7641113333331	36b authority avenue	business	images/Screenshot_18-9-2024_115928_img.freepik.com_gJ6saDS.jpeg	f	f	f	2024-11-19 20:24:45.271057+00	f	\N
67	pbkdf2_sha256$600000$UkHU3s7ksjfSJbujZqsJ8T$AjQEkIWVXmW64J273tHgDS628HWM4pHX891CQKboLwc=	\N	ukaegu1m11	ahh3331@gmail.commm	76411133333311	36b authority avenue	business	images/th_K9PLlyD.png	f	f	f	2024-11-19 20:33:21.156618+00	f	\N
69	pbkdf2_sha256$600000$xGdxMZXwZ5eibMFcl1tvOu$EjfSpSK9pa5rkMMMzGPhhFIdGrlixS+lP6giaNB3mK4=	\N	ukaegu1m11	ahhhh3331@gmail.commm	764111333311	36b authority avenue	business	images/th_HnlvfxP.png	f	f	f	2024-11-19 20:37:02.168181+00	f	\N
76	pbkdf2_sha256$600000$pyb0nSXpAZXCGIggZWAOSX$DGSPTg5fg2ihypUd9zAmfXSSzYZLfbnt9VqRV1d5Bao=	\N	john doe	johndoe@example.com	0709876567567	36 testing avenue, america	business		f	f	f	2024-11-28 20:28:43.381569+00	f	\N
77	pbkdf2_sha256$600000$1QXq0suETlAShtnBonW4lE$JV3NgmsXtcfdkOT93Ky7ZaIck+oSEMtltiX5H24FWTI=	\N	john doe	testuser@gmail.com	070876567567	36 testing avenue, america	business		f	f	f	2024-12-02 18:33:54.628979+00	f	\N
78	pbkdf2_sha256$600000$dum3elSToRteNSZOJIzHFj$C12YE/3a0oXBmjEzYdI/qTjym/wcF+oUvXMd2+TgfMo=	\N	john doe	testuser1@gmail.com	070876567561	36 testing avenue, america	business		f	f	f	2024-12-02 18:36:55.725391+00	f	\N
79	pbkdf2_sha256$600000$K6kMkeYzYpB1B7fmXDbO4C$/ZjPk/ttgi9kQpWwxN0XLXsGjnsQcqMf712TgHkkmrA=	2024-12-05 22:00:10.202924+00	admin user	adminuser@gmail.com	07654569876	36b authority avenue	business		t	t	t	2024-12-02 21:00:01.466675+00	t	\N
72	pbkdf2_sha256$600000$eziSrJpmPG37Qdcl9UvwZJ$LTRT0ioZXvfEJLavG+wQ6G2VWkql0VraT2JjTEtioQQ=	\N	uknhimself12	n.u.kingsley@gmail.com	764111333310	36b authority avenue	business	images/qrdvxai6.png	t	t	t	2024-11-19 21:58:35.028886+00	t	2024-11-19 22:53:52+00
73	pbkdf2_sha256$600000$Lt0MELqZsc0Z9pSpRFjwPt$+p47iRda4ZCgTcqtKKUXZyKhGc6Ia0zMoDjX/DTDnFo=	2024-11-22 21:51:54.113+00	string	user@example.com	string	string	business		t	t	t	2024-11-22 21:53:44.274771+00	t	2024-11-22 21:51:54.113+00
74	pbkdf2_sha256$600000$9XQ0DStIV8ENSwLDcgsxEh$OSEhnhmMZAPHPaOVb3B7bnYya6kcIYfTWxN+74mNs4U=	\N	ukae	ukn1@gmail.com	0985456789	ukwebu interna	business	images/image-9a26f67e-5923-4e67-938f-68a206bc4838.jpg	f	f	f	2024-11-22 21:59:15.92824+00	f	\N
75	pbkdf2_sha256$600000$W9FA7GdaRGcJhRuzDvdLxj$6Qo+zLHr2b3Q1BxL+OnxHb5wZvCNl7pmNfZoawDHKYc=	\N	ukae	ukn11@gmail.com	098545678	ukwebu interna	business	images/image-9a26f67e-5923-4e67-938f-68a206bc4838_4YnQkum.jpg	f	f	f	2024-11-22 22:02:36.11477+00	f	\N
\.


--
-- Data for Name: user_user_groups; Type: TABLE DATA; Schema: public; Owner: eyen
--

COPY public.user_user_groups (id, user_id, group_id) FROM stdin;
\.


--
-- Data for Name: user_user_user_permissions; Type: TABLE DATA; Schema: public; Owner: eyen
--

COPY public.user_user_user_permissions (id, user_id, permission_id) FROM stdin;
\.


--
-- Data for Name: users; Type: TABLE DATA; Schema: public; Owner: eyen
--

COPY public.users (id, username, first_name, last_name, password, email) FROM stdin;
\.


--
-- Data for Name: users_table; Type: TABLE DATA; Schema: public; Owner: eyen
--

COPY public.users_table (id, username, first_name, last_name, password, email, user_role) FROM stdin;
1	ukn101	ukn	ndukwe	hello	9icekingsley@gmail.com	user
3	ukn121	ukn	ndukwe	\\x24326224313224726b6d67546763736d443239437170356b744e73302e5975444d366e757351343844445565775844386c456e35382f546e4c584865	9iicekingsley@gmail.com	user
4	ukn12111	ukn	ndukwe	\\x243262243132246149522e517034733132497936343142566d7a347265597278335636454e786a6644324e2f323275784e48567733714d58476f6a32	9iicekngsley@gmail.com	user
5	ukn1211	ukn	ndukwe	$2b$12$ylMiA7CW0SSTsXZ714Ln2OP.9quEQCOt2f.EhnvDGacdLn7XfUC4G	9iicekngsey@gmail.com	user
6	dave	uwebs	uwebu	$2b$12$IzLk4UrPl4psRE1qgtOhgen.fSJrn7f0syJCwAKpmNLfHY7EgTpQ.	9kk@gmail.com	user
13	davido	uwebs	uwebu	$2b$12$G53XqFFi/.gJoJvwJPtsFeJsQCz1oMwFDw9fIM9s3ImNV7JlKtnQ6	9icke@gmail.com	user
18	testuser	test	user	$2b$12$W1QzHNnMeSOsJPhWyvf3XOnDplAm0mSFQUVsd8z.TqMIfdoZ7wIJm	testuser@gmail.com	user
\.


--
-- Name: admin_table_id_seq; Type: SEQUENCE SET; Schema: public; Owner: eyen
--

SELECT pg_catalog.setval('public.admin_table_id_seq', 1, true);


--
-- Name: auth_group_id_seq; Type: SEQUENCE SET; Schema: public; Owner: eyen
--

SELECT pg_catalog.setval('public.auth_group_id_seq', 1, false);


--
-- Name: auth_group_permissions_id_seq; Type: SEQUENCE SET; Schema: public; Owner: eyen
--

SELECT pg_catalog.setval('public.auth_group_permissions_id_seq', 1, false);


--
-- Name: auth_permission_id_seq; Type: SEQUENCE SET; Schema: public; Owner: eyen
--

SELECT pg_catalog.setval('public.auth_permission_id_seq', 48, true);


--
-- Name: business_business_owner_id_seq; Type: SEQUENCE SET; Schema: public; Owner: eyen
--

SELECT pg_catalog.setval('public.business_business_owner_id_seq', 76, true);


--
-- Name: customer_otp_id_seq; Type: SEQUENCE SET; Schema: public; Owner: eyen
--

SELECT pg_catalog.setval('public.customer_otp_id_seq', 1, false);


--
-- Name: customers_id_seq; Type: SEQUENCE SET; Schema: public; Owner: eyen
--

SELECT pg_catalog.setval('public.customers_id_seq', 13, true);


--
-- Name: customers_otp_id_seq; Type: SEQUENCE SET; Schema: public; Owner: eyen
--

SELECT pg_catalog.setval('public.customers_otp_id_seq', 1, false);


--
-- Name: django_admin_log_id_seq; Type: SEQUENCE SET; Schema: public; Owner: eyen
--

SELECT pg_catalog.setval('public.django_admin_log_id_seq', 4, true);


--
-- Name: django_content_type_id_seq; Type: SEQUENCE SET; Schema: public; Owner: eyen
--

SELECT pg_catalog.setval('public.django_content_type_id_seq', 12, true);


--
-- Name: django_migrations_id_seq; Type: SEQUENCE SET; Schema: public; Owner: eyen
--

SELECT pg_catalog.setval('public.django_migrations_id_seq', 70, true);


--
-- Name: ecolite_admin_table_id_seq; Type: SEQUENCE SET; Schema: public; Owner: eyen
--

SELECT pg_catalog.setval('public.ecolite_admin_table_id_seq', 69, true);


--
-- Name: logistics_logistics_partner_id_seq; Type: SEQUENCE SET; Schema: public; Owner: eyen
--

SELECT pg_catalog.setval('public.logistics_logistics_partner_id_seq', 1, false);


--
-- Name: otp_id_seq; Type: SEQUENCE SET; Schema: public; Owner: eyen
--

SELECT pg_catalog.setval('public.otp_id_seq', 34, true);


--
-- Name: otp_table_id_seq; Type: SEQUENCE SET; Schema: public; Owner: eyen
--

SELECT pg_catalog.setval('public.otp_table_id_seq', 27, true);


--
-- Name: rewards_id_seq; Type: SEQUENCE SET; Schema: public; Owner: eyen
--

SELECT pg_catalog.setval('public.rewards_id_seq', 4, true);


--
-- Name: token_blacklist_blacklistedtoken_id_seq; Type: SEQUENCE SET; Schema: public; Owner: eyen
--

SELECT pg_catalog.setval('public.token_blacklist_blacklistedtoken_id_seq', 1, true);


--
-- Name: token_blacklist_outstandingtoken_id_seq; Type: SEQUENCE SET; Schema: public; Owner: eyen
--

SELECT pg_catalog.setval('public.token_blacklist_outstandingtoken_id_seq', 42, true);


--
-- Name: tracking_information_tracking_info_id_seq; Type: SEQUENCE SET; Schema: public; Owner: eyen
--

SELECT pg_catalog.setval('public.tracking_information_tracking_info_id_seq', 5, true);


--
-- Name: user_id_seq; Type: SEQUENCE SET; Schema: public; Owner: eyen
--

SELECT pg_catalog.setval('public.user_id_seq', 14, true);


--
-- Name: user_otp_id_seq; Type: SEQUENCE SET; Schema: public; Owner: eyen
--

SELECT pg_catalog.setval('public.user_otp_id_seq', 76, true);


--
-- Name: user_user_groups_id_seq; Type: SEQUENCE SET; Schema: public; Owner: eyen
--

SELECT pg_catalog.setval('public.user_user_groups_id_seq', 1, false);


--
-- Name: user_user_id_seq; Type: SEQUENCE SET; Schema: public; Owner: eyen
--

SELECT pg_catalog.setval('public.user_user_id_seq', 79, true);


--
-- Name: user_user_user_permissions_id_seq; Type: SEQUENCE SET; Schema: public; Owner: eyen
--

SELECT pg_catalog.setval('public.user_user_user_permissions_id_seq', 1, false);


--
-- Name: users_id_seq; Type: SEQUENCE SET; Schema: public; Owner: eyen
--

SELECT pg_catalog.setval('public.users_id_seq', 1, false);


--
-- Name: users_table_id_seq; Type: SEQUENCE SET; Schema: public; Owner: eyen
--

SELECT pg_catalog.setval('public.users_table_id_seq', 18, true);


--
-- Name: admin_table admin_table_email_key; Type: CONSTRAINT; Schema: public; Owner: eyen
--

ALTER TABLE ONLY public.admin_table
    ADD CONSTRAINT admin_table_email_key UNIQUE (email);


--
-- Name: admin_table admin_table_pkey; Type: CONSTRAINT; Schema: public; Owner: eyen
--

ALTER TABLE ONLY public.admin_table
    ADD CONSTRAINT admin_table_pkey PRIMARY KEY (id);


--
-- Name: admin_table admin_table_username_key; Type: CONSTRAINT; Schema: public; Owner: eyen
--

ALTER TABLE ONLY public.admin_table
    ADD CONSTRAINT admin_table_username_key UNIQUE (username);


--
-- Name: auth_group auth_group_name_key; Type: CONSTRAINT; Schema: public; Owner: eyen
--

ALTER TABLE ONLY public.auth_group
    ADD CONSTRAINT auth_group_name_key UNIQUE (name);


--
-- Name: auth_group_permissions auth_group_permissions_group_id_permission_id_0cd325b0_uniq; Type: CONSTRAINT; Schema: public; Owner: eyen
--

ALTER TABLE ONLY public.auth_group_permissions
    ADD CONSTRAINT auth_group_permissions_group_id_permission_id_0cd325b0_uniq UNIQUE (group_id, permission_id);


--
-- Name: auth_group_permissions auth_group_permissions_pkey; Type: CONSTRAINT; Schema: public; Owner: eyen
--

ALTER TABLE ONLY public.auth_group_permissions
    ADD CONSTRAINT auth_group_permissions_pkey PRIMARY KEY (id);


--
-- Name: auth_group auth_group_pkey; Type: CONSTRAINT; Schema: public; Owner: eyen
--

ALTER TABLE ONLY public.auth_group
    ADD CONSTRAINT auth_group_pkey PRIMARY KEY (id);


--
-- Name: auth_permission auth_permission_content_type_id_codename_01ab375a_uniq; Type: CONSTRAINT; Schema: public; Owner: eyen
--

ALTER TABLE ONLY public.auth_permission
    ADD CONSTRAINT auth_permission_content_type_id_codename_01ab375a_uniq UNIQUE (content_type_id, codename);


--
-- Name: auth_permission auth_permission_pkey; Type: CONSTRAINT; Schema: public; Owner: eyen
--

ALTER TABLE ONLY public.auth_permission
    ADD CONSTRAINT auth_permission_pkey PRIMARY KEY (id);


--
-- Name: business_business_owner business_business_owner_business_name_key; Type: CONSTRAINT; Schema: public; Owner: eyen
--

ALTER TABLE ONLY public.business_business_owner
    ADD CONSTRAINT business_business_owner_business_name_key UNIQUE (business_name);


--
-- Name: business_business_owner business_business_owner_pkey; Type: CONSTRAINT; Schema: public; Owner: eyen
--

ALTER TABLE ONLY public.business_business_owner
    ADD CONSTRAINT business_business_owner_pkey PRIMARY KEY (id);


--
-- Name: business_business_owner business_business_owner_user_id_key; Type: CONSTRAINT; Schema: public; Owner: eyen
--

ALTER TABLE ONLY public.business_business_owner
    ADD CONSTRAINT business_business_owner_user_id_key UNIQUE (user_id);


--
-- Name: campaign campaign_pkey; Type: CONSTRAINT; Schema: public; Owner: eyen
--

ALTER TABLE ONLY public.campaign
    ADD CONSTRAINT campaign_pkey PRIMARY KEY (id);


--
-- Name: customer_otp customer_otp_customer_id_key; Type: CONSTRAINT; Schema: public; Owner: eyen
--

ALTER TABLE ONLY public.customer_otp
    ADD CONSTRAINT customer_otp_customer_id_key UNIQUE (customer_id);


--
-- Name: customer_otp customer_otp_pkey; Type: CONSTRAINT; Schema: public; Owner: eyen
--

ALTER TABLE ONLY public.customer_otp
    ADD CONSTRAINT customer_otp_pkey PRIMARY KEY (id);


--
-- Name: customers customers_email_key; Type: CONSTRAINT; Schema: public; Owner: eyen
--

ALTER TABLE ONLY public.customers
    ADD CONSTRAINT customers_email_key UNIQUE (email);


--
-- Name: customers_otp customers_otp_customer_id_key; Type: CONSTRAINT; Schema: public; Owner: eyen
--

ALTER TABLE ONLY public.customers_otp
    ADD CONSTRAINT customers_otp_customer_id_key UNIQUE (customer_id);


--
-- Name: customers_otp customers_otp_pkey; Type: CONSTRAINT; Schema: public; Owner: eyen
--

ALTER TABLE ONLY public.customers_otp
    ADD CONSTRAINT customers_otp_pkey PRIMARY KEY (id);


--
-- Name: customers customers_pkey; Type: CONSTRAINT; Schema: public; Owner: eyen
--

ALTER TABLE ONLY public.customers
    ADD CONSTRAINT customers_pkey PRIMARY KEY (id);


--
-- Name: customers customers_username_key; Type: CONSTRAINT; Schema: public; Owner: eyen
--

ALTER TABLE ONLY public.customers
    ADD CONSTRAINT customers_username_key UNIQUE (username);


--
-- Name: django_admin_log django_admin_log_pkey; Type: CONSTRAINT; Schema: public; Owner: eyen
--

ALTER TABLE ONLY public.django_admin_log
    ADD CONSTRAINT django_admin_log_pkey PRIMARY KEY (id);


--
-- Name: django_content_type django_content_type_app_label_model_76bd3d3b_uniq; Type: CONSTRAINT; Schema: public; Owner: eyen
--

ALTER TABLE ONLY public.django_content_type
    ADD CONSTRAINT django_content_type_app_label_model_76bd3d3b_uniq UNIQUE (app_label, model);


--
-- Name: django_content_type django_content_type_pkey; Type: CONSTRAINT; Schema: public; Owner: eyen
--

ALTER TABLE ONLY public.django_content_type
    ADD CONSTRAINT django_content_type_pkey PRIMARY KEY (id);


--
-- Name: django_migrations django_migrations_pkey; Type: CONSTRAINT; Schema: public; Owner: eyen
--

ALTER TABLE ONLY public.django_migrations
    ADD CONSTRAINT django_migrations_pkey PRIMARY KEY (id);


--
-- Name: django_session django_session_pkey; Type: CONSTRAINT; Schema: public; Owner: eyen
--

ALTER TABLE ONLY public.django_session
    ADD CONSTRAINT django_session_pkey PRIMARY KEY (session_key);


--
-- Name: ecolite_admin_table ecolite_admin_table_email_key; Type: CONSTRAINT; Schema: public; Owner: eyen
--

ALTER TABLE ONLY public.ecolite_admin_table
    ADD CONSTRAINT ecolite_admin_table_email_key UNIQUE (email);


--
-- Name: ecolite_admin_table ecolite_admin_table_pkey; Type: CONSTRAINT; Schema: public; Owner: eyen
--

ALTER TABLE ONLY public.ecolite_admin_table
    ADD CONSTRAINT ecolite_admin_table_pkey PRIMARY KEY (id);


--
-- Name: ecolite_admin_table ecolite_admin_table_username_key; Type: CONSTRAINT; Schema: public; Owner: eyen
--

ALTER TABLE ONLY public.ecolite_admin_table
    ADD CONSTRAINT ecolite_admin_table_username_key UNIQUE (username);


--
-- Name: logistics_logistics_partner logistics_logistics_partner_pkey; Type: CONSTRAINT; Schema: public; Owner: eyen
--

ALTER TABLE ONLY public.logistics_logistics_partner
    ADD CONSTRAINT logistics_logistics_partner_pkey PRIMARY KEY (id);


--
-- Name: logistics_logistics_partner logistics_logistics_partner_user_id_key; Type: CONSTRAINT; Schema: public; Owner: eyen
--

ALTER TABLE ONLY public.logistics_logistics_partner
    ADD CONSTRAINT logistics_logistics_partner_user_id_key UNIQUE (user_id);


--
-- Name: otp otp_admin_id_key; Type: CONSTRAINT; Schema: public; Owner: eyen
--

ALTER TABLE ONLY public.otp
    ADD CONSTRAINT otp_admin_id_key UNIQUE (admin_id);


--
-- Name: otp otp_pkey; Type: CONSTRAINT; Schema: public; Owner: eyen
--

ALTER TABLE ONLY public.otp
    ADD CONSTRAINT otp_pkey PRIMARY KEY (id);


--
-- Name: otp_table otp_table_admin_id_key; Type: CONSTRAINT; Schema: public; Owner: eyen
--

ALTER TABLE ONLY public.otp_table
    ADD CONSTRAINT otp_table_admin_id_key UNIQUE (admin_id);


--
-- Name: otp_table otp_table_pkey; Type: CONSTRAINT; Schema: public; Owner: eyen
--

ALTER TABLE ONLY public.otp_table
    ADD CONSTRAINT otp_table_pkey PRIMARY KEY (id);


--
-- Name: rewards rewards_customer_id_key; Type: CONSTRAINT; Schema: public; Owner: eyen
--

ALTER TABLE ONLY public.rewards
    ADD CONSTRAINT rewards_customer_id_key UNIQUE (customer_id);


--
-- Name: rewards rewards_pkey; Type: CONSTRAINT; Schema: public; Owner: eyen
--

ALTER TABLE ONLY public.rewards
    ADD CONSTRAINT rewards_pkey PRIMARY KEY (id);


--
-- Name: token_blacklist_blacklistedtoken token_blacklist_blacklistedtoken_pkey; Type: CONSTRAINT; Schema: public; Owner: eyen
--

ALTER TABLE ONLY public.token_blacklist_blacklistedtoken
    ADD CONSTRAINT token_blacklist_blacklistedtoken_pkey PRIMARY KEY (id);


--
-- Name: token_blacklist_blacklistedtoken token_blacklist_blacklistedtoken_token_id_key; Type: CONSTRAINT; Schema: public; Owner: eyen
--

ALTER TABLE ONLY public.token_blacklist_blacklistedtoken
    ADD CONSTRAINT token_blacklist_blacklistedtoken_token_id_key UNIQUE (token_id);


--
-- Name: token_blacklist_outstandingtoken token_blacklist_outstandingtoken_jti_hex_d9bdf6f7_uniq; Type: CONSTRAINT; Schema: public; Owner: eyen
--

ALTER TABLE ONLY public.token_blacklist_outstandingtoken
    ADD CONSTRAINT token_blacklist_outstandingtoken_jti_hex_d9bdf6f7_uniq UNIQUE (jti);


--
-- Name: token_blacklist_outstandingtoken token_blacklist_outstandingtoken_pkey; Type: CONSTRAINT; Schema: public; Owner: eyen
--

ALTER TABLE ONLY public.token_blacklist_outstandingtoken
    ADD CONSTRAINT token_blacklist_outstandingtoken_pkey PRIMARY KEY (id);


--
-- Name: tracking_information_tracking_info tracking_information_tracking_info_parcel_number_key; Type: CONSTRAINT; Schema: public; Owner: eyen
--

ALTER TABLE ONLY public.tracking_information_tracking_info
    ADD CONSTRAINT tracking_information_tracking_info_parcel_number_key UNIQUE (parcel_number);


--
-- Name: tracking_information_tracking_info tracking_information_tracking_info_pkey; Type: CONSTRAINT; Schema: public; Owner: eyen
--

ALTER TABLE ONLY public.tracking_information_tracking_info
    ADD CONSTRAINT tracking_information_tracking_info_pkey PRIMARY KEY (id);


--
-- Name: user_otp user_otp_owner_id_key; Type: CONSTRAINT; Schema: public; Owner: eyen
--

ALTER TABLE ONLY public.user_otp
    ADD CONSTRAINT user_otp_owner_id_key UNIQUE (owner_id);


--
-- Name: user_otp user_otp_pkey; Type: CONSTRAINT; Schema: public; Owner: eyen
--

ALTER TABLE ONLY public.user_otp
    ADD CONSTRAINT user_otp_pkey PRIMARY KEY (id);


--
-- Name: user_user user_user_email_key; Type: CONSTRAINT; Schema: public; Owner: eyen
--

ALTER TABLE ONLY public.user_user
    ADD CONSTRAINT user_user_email_key UNIQUE (email);


--
-- Name: user_user_groups user_user_groups_pkey; Type: CONSTRAINT; Schema: public; Owner: eyen
--

ALTER TABLE ONLY public.user_user_groups
    ADD CONSTRAINT user_user_groups_pkey PRIMARY KEY (id);


--
-- Name: user_user_groups user_user_groups_user_id_group_id_bb60391f_uniq; Type: CONSTRAINT; Schema: public; Owner: eyen
--

ALTER TABLE ONLY public.user_user_groups
    ADD CONSTRAINT user_user_groups_user_id_group_id_bb60391f_uniq UNIQUE (user_id, group_id);


--
-- Name: user_user user_user_phone_number_key; Type: CONSTRAINT; Schema: public; Owner: eyen
--

ALTER TABLE ONLY public.user_user
    ADD CONSTRAINT user_user_phone_number_key UNIQUE (phone_number);


--
-- Name: user_user user_user_pkey; Type: CONSTRAINT; Schema: public; Owner: eyen
--

ALTER TABLE ONLY public.user_user
    ADD CONSTRAINT user_user_pkey PRIMARY KEY (id);


--
-- Name: user_user_user_permissions user_user_user_permissions_pkey; Type: CONSTRAINT; Schema: public; Owner: eyen
--

ALTER TABLE ONLY public.user_user_user_permissions
    ADD CONSTRAINT user_user_user_permissions_pkey PRIMARY KEY (id);


--
-- Name: user_user_user_permissions user_user_user_permissions_user_id_permission_id_64f4d5b8_uniq; Type: CONSTRAINT; Schema: public; Owner: eyen
--

ALTER TABLE ONLY public.user_user_user_permissions
    ADD CONSTRAINT user_user_user_permissions_user_id_permission_id_64f4d5b8_uniq UNIQUE (user_id, permission_id);


--
-- Name: users users_email_key; Type: CONSTRAINT; Schema: public; Owner: eyen
--

ALTER TABLE ONLY public.users
    ADD CONSTRAINT users_email_key UNIQUE (email);


--
-- Name: users users_pkey; Type: CONSTRAINT; Schema: public; Owner: eyen
--

ALTER TABLE ONLY public.users
    ADD CONSTRAINT users_pkey PRIMARY KEY (id);


--
-- Name: users_table users_table_email_key; Type: CONSTRAINT; Schema: public; Owner: eyen
--

ALTER TABLE ONLY public.users_table
    ADD CONSTRAINT users_table_email_key UNIQUE (email);


--
-- Name: users_table users_table_pkey; Type: CONSTRAINT; Schema: public; Owner: eyen
--

ALTER TABLE ONLY public.users_table
    ADD CONSTRAINT users_table_pkey PRIMARY KEY (id);


--
-- Name: users_table users_table_username_key; Type: CONSTRAINT; Schema: public; Owner: eyen
--

ALTER TABLE ONLY public.users_table
    ADD CONSTRAINT users_table_username_key UNIQUE (username);


--
-- Name: users users_username_key; Type: CONSTRAINT; Schema: public; Owner: eyen
--

ALTER TABLE ONLY public.users
    ADD CONSTRAINT users_username_key UNIQUE (username);


--
-- Name: auth_group_name_a6ea08ec_like; Type: INDEX; Schema: public; Owner: eyen
--

CREATE INDEX auth_group_name_a6ea08ec_like ON public.auth_group USING btree (name varchar_pattern_ops);


--
-- Name: auth_group_permissions_group_id_b120cbf9; Type: INDEX; Schema: public; Owner: eyen
--

CREATE INDEX auth_group_permissions_group_id_b120cbf9 ON public.auth_group_permissions USING btree (group_id);


--
-- Name: auth_group_permissions_permission_id_84c5c92e; Type: INDEX; Schema: public; Owner: eyen
--

CREATE INDEX auth_group_permissions_permission_id_84c5c92e ON public.auth_group_permissions USING btree (permission_id);


--
-- Name: auth_permission_content_type_id_2f476e4b; Type: INDEX; Schema: public; Owner: eyen
--

CREATE INDEX auth_permission_content_type_id_2f476e4b ON public.auth_permission USING btree (content_type_id);


--
-- Name: business_business_owner_business_name_d72d7d1c_like; Type: INDEX; Schema: public; Owner: eyen
--

CREATE INDEX business_business_owner_business_name_d72d7d1c_like ON public.business_business_owner USING btree (business_name varchar_pattern_ops);


--
-- Name: django_admin_log_content_type_id_c4bce8eb; Type: INDEX; Schema: public; Owner: eyen
--

CREATE INDEX django_admin_log_content_type_id_c4bce8eb ON public.django_admin_log USING btree (content_type_id);


--
-- Name: django_admin_log_user_id_c564eba6; Type: INDEX; Schema: public; Owner: eyen
--

CREATE INDEX django_admin_log_user_id_c564eba6 ON public.django_admin_log USING btree (user_id);


--
-- Name: django_session_expire_date_a5c62663; Type: INDEX; Schema: public; Owner: eyen
--

CREATE INDEX django_session_expire_date_a5c62663 ON public.django_session USING btree (expire_date);


--
-- Name: django_session_session_key_c0390e0f_like; Type: INDEX; Schema: public; Owner: eyen
--

CREATE INDEX django_session_session_key_c0390e0f_like ON public.django_session USING btree (session_key varchar_pattern_ops);


--
-- Name: token_blacklist_outstandingtoken_jti_hex_d9bdf6f7_like; Type: INDEX; Schema: public; Owner: eyen
--

CREATE INDEX token_blacklist_outstandingtoken_jti_hex_d9bdf6f7_like ON public.token_blacklist_outstandingtoken USING btree (jti varchar_pattern_ops);


--
-- Name: token_blacklist_outstandingtoken_user_id_83bc629a; Type: INDEX; Schema: public; Owner: eyen
--

CREATE INDEX token_blacklist_outstandingtoken_user_id_83bc629a ON public.token_blacklist_outstandingtoken USING btree (user_id);


--
-- Name: tracking_information_tracking_info_owner_id_0410281a; Type: INDEX; Schema: public; Owner: eyen
--

CREATE INDEX tracking_information_tracking_info_owner_id_0410281a ON public.tracking_information_tracking_info USING btree (owner_id);


--
-- Name: tracking_information_tracking_info_parcel_number_55119dd9_like; Type: INDEX; Schema: public; Owner: eyen
--

CREATE INDEX tracking_information_tracking_info_parcel_number_55119dd9_like ON public.tracking_information_tracking_info USING btree (parcel_number varchar_pattern_ops);


--
-- Name: tracking_information_tracking_info_rider_id_893dcd51; Type: INDEX; Schema: public; Owner: eyen
--

CREATE INDEX tracking_information_tracking_info_rider_id_893dcd51 ON public.tracking_information_tracking_info USING btree (rider_id);


--
-- Name: user_user_email_1c6f3d1a_like; Type: INDEX; Schema: public; Owner: eyen
--

CREATE INDEX user_user_email_1c6f3d1a_like ON public.user_user USING btree (email varchar_pattern_ops);


--
-- Name: user_user_groups_group_id_c57f13c0; Type: INDEX; Schema: public; Owner: eyen
--

CREATE INDEX user_user_groups_group_id_c57f13c0 ON public.user_user_groups USING btree (group_id);


--
-- Name: user_user_groups_user_id_13f9a20d; Type: INDEX; Schema: public; Owner: eyen
--

CREATE INDEX user_user_groups_user_id_13f9a20d ON public.user_user_groups USING btree (user_id);


--
-- Name: user_user_phone_number_65bc906c_like; Type: INDEX; Schema: public; Owner: eyen
--

CREATE INDEX user_user_phone_number_65bc906c_like ON public.user_user USING btree (phone_number varchar_pattern_ops);


--
-- Name: user_user_user_permissions_permission_id_ce49d4de; Type: INDEX; Schema: public; Owner: eyen
--

CREATE INDEX user_user_user_permissions_permission_id_ce49d4de ON public.user_user_user_permissions USING btree (permission_id);


--
-- Name: user_user_user_permissions_user_id_31782f58; Type: INDEX; Schema: public; Owner: eyen
--

CREATE INDEX user_user_user_permissions_user_id_31782f58 ON public.user_user_user_permissions USING btree (user_id);


--
-- Name: auth_group_permissions auth_group_permissio_permission_id_84c5c92e_fk_auth_perm; Type: FK CONSTRAINT; Schema: public; Owner: eyen
--

ALTER TABLE ONLY public.auth_group_permissions
    ADD CONSTRAINT auth_group_permissio_permission_id_84c5c92e_fk_auth_perm FOREIGN KEY (permission_id) REFERENCES public.auth_permission(id) DEFERRABLE INITIALLY DEFERRED;


--
-- Name: auth_group_permissions auth_group_permissions_group_id_b120cbf9_fk_auth_group_id; Type: FK CONSTRAINT; Schema: public; Owner: eyen
--

ALTER TABLE ONLY public.auth_group_permissions
    ADD CONSTRAINT auth_group_permissions_group_id_b120cbf9_fk_auth_group_id FOREIGN KEY (group_id) REFERENCES public.auth_group(id) DEFERRABLE INITIALLY DEFERRED;


--
-- Name: auth_permission auth_permission_content_type_id_2f476e4b_fk_django_co; Type: FK CONSTRAINT; Schema: public; Owner: eyen
--

ALTER TABLE ONLY public.auth_permission
    ADD CONSTRAINT auth_permission_content_type_id_2f476e4b_fk_django_co FOREIGN KEY (content_type_id) REFERENCES public.django_content_type(id) DEFERRABLE INITIALLY DEFERRED;


--
-- Name: business_business_owner business_business_owner_user_id_e406e3b8_fk_user_user_id; Type: FK CONSTRAINT; Schema: public; Owner: eyen
--

ALTER TABLE ONLY public.business_business_owner
    ADD CONSTRAINT business_business_owner_user_id_e406e3b8_fk_user_user_id FOREIGN KEY (user_id) REFERENCES public.user_user(id) DEFERRABLE INITIALLY DEFERRED;


--
-- Name: customers_otp customers_otp_customer_id_fkey; Type: FK CONSTRAINT; Schema: public; Owner: eyen
--

ALTER TABLE ONLY public.customers_otp
    ADD CONSTRAINT customers_otp_customer_id_fkey FOREIGN KEY (customer_id) REFERENCES public.customers(id);


--
-- Name: django_admin_log django_admin_log_content_type_id_c4bce8eb_fk_django_co; Type: FK CONSTRAINT; Schema: public; Owner: eyen
--

ALTER TABLE ONLY public.django_admin_log
    ADD CONSTRAINT django_admin_log_content_type_id_c4bce8eb_fk_django_co FOREIGN KEY (content_type_id) REFERENCES public.django_content_type(id) DEFERRABLE INITIALLY DEFERRED;


--
-- Name: django_admin_log django_admin_log_user_id_c564eba6_fk_user_user_id; Type: FK CONSTRAINT; Schema: public; Owner: eyen
--

ALTER TABLE ONLY public.django_admin_log
    ADD CONSTRAINT django_admin_log_user_id_c564eba6_fk_user_user_id FOREIGN KEY (user_id) REFERENCES public.user_user(id) DEFERRABLE INITIALLY DEFERRED;


--
-- Name: logistics_logistics_partner logistics_logistics_partner_user_id_79d061ee_fk_user_user_id; Type: FK CONSTRAINT; Schema: public; Owner: eyen
--

ALTER TABLE ONLY public.logistics_logistics_partner
    ADD CONSTRAINT logistics_logistics_partner_user_id_79d061ee_fk_user_user_id FOREIGN KEY (user_id) REFERENCES public.user_user(id) DEFERRABLE INITIALLY DEFERRED;


--
-- Name: otp otp_admin_id_fkey; Type: FK CONSTRAINT; Schema: public; Owner: eyen
--

ALTER TABLE ONLY public.otp
    ADD CONSTRAINT otp_admin_id_fkey FOREIGN KEY (admin_id) REFERENCES public.ecolite_admin_table(id);


--
-- Name: otp_table otp_table_admin_id_fkey; Type: FK CONSTRAINT; Schema: public; Owner: eyen
--

ALTER TABLE ONLY public.otp_table
    ADD CONSTRAINT otp_table_admin_id_fkey FOREIGN KEY (admin_id) REFERENCES public.ecolite_admin_table(id);


--
-- Name: rewards rewards_customer_id_fkey; Type: FK CONSTRAINT; Schema: public; Owner: eyen
--

ALTER TABLE ONLY public.rewards
    ADD CONSTRAINT rewards_customer_id_fkey FOREIGN KEY (customer_id) REFERENCES public.customers(id);


--
-- Name: token_blacklist_blacklistedtoken token_blacklist_blacklistedtoken_token_id_3cc7fe56_fk; Type: FK CONSTRAINT; Schema: public; Owner: eyen
--

ALTER TABLE ONLY public.token_blacklist_blacklistedtoken
    ADD CONSTRAINT token_blacklist_blacklistedtoken_token_id_3cc7fe56_fk FOREIGN KEY (token_id) REFERENCES public.token_blacklist_outstandingtoken(id) DEFERRABLE INITIALLY DEFERRED;


--
-- Name: token_blacklist_outstandingtoken token_blacklist_outs_user_id_83bc629a_fk_user_user; Type: FK CONSTRAINT; Schema: public; Owner: eyen
--

ALTER TABLE ONLY public.token_blacklist_outstandingtoken
    ADD CONSTRAINT token_blacklist_outs_user_id_83bc629a_fk_user_user FOREIGN KEY (user_id) REFERENCES public.user_user(id) DEFERRABLE INITIALLY DEFERRED;


--
-- Name: tracking_information_tracking_info tracking_information_owner_id_0410281a_fk_user_user; Type: FK CONSTRAINT; Schema: public; Owner: eyen
--

ALTER TABLE ONLY public.tracking_information_tracking_info
    ADD CONSTRAINT tracking_information_owner_id_0410281a_fk_user_user FOREIGN KEY (owner_id) REFERENCES public.user_user(id) DEFERRABLE INITIALLY DEFERRED;


--
-- Name: tracking_information_tracking_info tracking_information_rider_id_893dcd51_fk_logistics; Type: FK CONSTRAINT; Schema: public; Owner: eyen
--

ALTER TABLE ONLY public.tracking_information_tracking_info
    ADD CONSTRAINT tracking_information_rider_id_893dcd51_fk_logistics FOREIGN KEY (rider_id) REFERENCES public.logistics_logistics_partner(id) DEFERRABLE INITIALLY DEFERRED;


--
-- Name: user_otp user_otp_owner_id_0027b5a4_fk_user_user_id; Type: FK CONSTRAINT; Schema: public; Owner: eyen
--

ALTER TABLE ONLY public.user_otp
    ADD CONSTRAINT user_otp_owner_id_0027b5a4_fk_user_user_id FOREIGN KEY (owner_id) REFERENCES public.user_user(id) DEFERRABLE INITIALLY DEFERRED;


--
-- Name: user_user_groups user_user_groups_group_id_c57f13c0_fk_auth_group_id; Type: FK CONSTRAINT; Schema: public; Owner: eyen
--

ALTER TABLE ONLY public.user_user_groups
    ADD CONSTRAINT user_user_groups_group_id_c57f13c0_fk_auth_group_id FOREIGN KEY (group_id) REFERENCES public.auth_group(id) DEFERRABLE INITIALLY DEFERRED;


--
-- Name: user_user_groups user_user_groups_user_id_13f9a20d_fk_user_user_id; Type: FK CONSTRAINT; Schema: public; Owner: eyen
--

ALTER TABLE ONLY public.user_user_groups
    ADD CONSTRAINT user_user_groups_user_id_13f9a20d_fk_user_user_id FOREIGN KEY (user_id) REFERENCES public.user_user(id) DEFERRABLE INITIALLY DEFERRED;


--
-- Name: user_user_user_permissions user_user_user_permi_permission_id_ce49d4de_fk_auth_perm; Type: FK CONSTRAINT; Schema: public; Owner: eyen
--

ALTER TABLE ONLY public.user_user_user_permissions
    ADD CONSTRAINT user_user_user_permi_permission_id_ce49d4de_fk_auth_perm FOREIGN KEY (permission_id) REFERENCES public.auth_permission(id) DEFERRABLE INITIALLY DEFERRED;


--
-- Name: user_user_user_permissions user_user_user_permissions_user_id_31782f58_fk_user_user_id; Type: FK CONSTRAINT; Schema: public; Owner: eyen
--

ALTER TABLE ONLY public.user_user_user_permissions
    ADD CONSTRAINT user_user_user_permissions_user_id_31782f58_fk_user_user_id FOREIGN KEY (user_id) REFERENCES public.user_user(id) DEFERRABLE INITIALLY DEFERRED;


--
-- Name: SCHEMA public; Type: ACL; Schema: -; Owner: postgres
--

GRANT ALL ON SCHEMA public TO eyen;


--
-- PostgreSQL database dump complete
--

